test_id,gene,perturbation_type,gene_modifier,exogenous_node,exogenous_value,wt_value,perturbed_value,comparison_baseline,comparison_baseline_value,ratio,log2_fold_change,direction_threshold,predicted_direction,expected_direction,correct,phenotype_node,complexity_score,complexity_label,path_length,converged,iterations,evidence_doi
T001,14-3-3,knockout,0.5,,,1.0,1.999808,WT,1.0,1.999808,0.9999,0.05,increased,increased,True,Flowering_Time,1,easy,1,True,24,"{'doi': '10.4161/psb.3.8.5717', 'title': '14-3-3 proteins, red light and photoperiodic flowering: A point of connection?', 'authors': 'Anna-Lisa Paul, Kevin M Folta, Robert J Ferl', 'year': 2008, 'journal': 'Plant Signaling and Behavior', 'evidence_sentence': '14-3-3 mutant lines flowered later than wild-type by a number of days; delayed flowering was not observed under SD'}"
T002,ABA,exogenous_treatment,1.0,ABI5,1.0,1.0,0.500195,WT,1.0,0.500195,-0.9994,0.05,decreased,increased,False,Flowering_Time,1,easy,1,True,22,"{'doi': '10.1093/jxb/ert133', 'title': 'The inhibitory effect of ABA on floral transition is mediated by ABI5', 'authors': 'Wang et al.', 'year': 2013, 'journal': '', 'evidence_sentence': 'Exogenous ABA treatment delays flowering.'}"
T003,ABF3,knockout,0.5,,,1.0,0.998989,WT,1.0,0.998989,-0.0015,0.05,unchanged,increased,False,Flowering_Time,1,easy,1,True,5,"{'doi': '10.1016/j.molp.2019.01.003', 'title': 'ABF3 and ABF4 act with NF-YC to regulate SOC1 and mediate drought-accelerated flowering', 'authors': 'Hwang et al.', 'year': 2019, 'journal': '', 'evidence_sentence': 'abf3 abf4 double mutant shows reduced drought-escape response and ABA-insensitive late flowering.'}"
T004,ABI2,knockout,2.0,,,1.0,0.500195,WT,1.0,0.500195,-0.9994,0.05,decreased,increased,False,Flowering_Time,1,easy,1,True,22,"{'doi': '10.1093/jxb/erae023', 'title': 'ABI2 promotes flowering by inhibiting OST1/ABI5-dependent FLC transcription', 'authors': 'Shu et al.', 'year': 2024, 'journal': '', 'evidence_sentence': 'abi2 mutants show late flowering due to hyperactivation of OST1/ABI5-dependent FLC transcription.'}"
T005,ABI4,overexpression,2.0,FLC,1.0,1.0,1.001702,mutant,1.001012,1.000689,0.001,0.05,unchanged,increased,False,Flowering_Time,2,medium,1,True,6,"{'doi': '10.1093/jxb/erv391', 'title': 'ABI4 negatively regulates flowering through directly promoting FLC transcription', 'authors': 'Shu et al.', 'year': 2016, 'journal': '', 'evidence_sentence': 'ABI4 overexpression delays flowering by promoting FLC transcription.'}"
T006,ABI5,overexpression,2.0,,,1.0,0.500195,WT,1.0,0.500195,-0.9994,0.05,decreased,increased,False,Flowering_Time,1,easy,1,True,22,"{'doi': '10.1093/jxb/ert133', 'title': 'The inhibitory effect of ABA on floral transition is mediated by ABI5', 'authors': 'Wang et al.', 'year': 2013, 'journal': '', 'evidence_sentence': 'ABI5 overexpression delays floral transition through upregulating FLC expression under long-day conditions.'}"
T007,AFP2,knockout,0.0,CO,0.5,1.0,0.998989,mutant,0.992181,1.006862,0.0099,0.05,unchanged,decreased,False,Flowering_Time,2,medium,1,True,5,"{'doi': '10.1016/j.xplc.2023.100552', 'title': 'Photoperiodic flowering in Arabidopsis: Multilayered regulatory mechanisms of CONSTANS and the florigen FLOWERING LOCUS T', 'authors': 'Hiroshi Takagi, Andrew K Hempton, Takato Imaizumi', 'year': 2023, 'journal': 'Plant Communications', 'evidence_sentence': 'AFP2 negatively affects CO transcriptional activity; AFP2 knockout causes early flowering'}"
T008,AGL24,knockout,0.0,,,1.0,0.992181,WT,1.0,0.992181,-0.0113,0.05,unchanged,increased,False,Flowering_Time,1,easy,1,True,10,"{'doi': '10.1242/dev.020255', 'title': 'Direct interaction of AGL24 and SOC1 integrates flowering signals in Arabidopsis', 'authors': 'Liu et al. 2008', 'year': None, 'journal': '', 'evidence_sentence': 'Late flowering; SOC1 expression delayed at shoot apex during floral transition; smaller effect than soc1 (~25% reduction in LFY vs ~65% for soc1)'}"
T009,AGL24,overexpression,2.0,,,1.0,1.001012,WT,1.0,1.001012,0.0015,0.05,unchanged,decreased,False,Flowering_Time,1,easy,1,True,5,"{'doi': '10.1242/dev.020255', 'title': 'Direct interaction of AGL24 and SOC1 integrates flowering signals in Arabidopsis', 'authors': 'Liu et al. 2008', 'year': None, 'journal': '', 'evidence_sentence': 'Early flowering with ~8.5 +/- 0.6 rosette leaves vs ~10.3 +/- 0.5 for wild-type'}"
T011,AP1,knockout,0.0,,,1.0,0.992181,WT,1.0,0.992181,-0.0113,0.05,unchanged,unchanged,True,Flowering_Time,1,easy,1,True,10,"{'doi': '10.1242/dev.003103', 'title': 'Specification of Arabidopsis floral meristem identity by repression of flowering time genes', 'authors': 'Liu et al. 2007', 'year': None, 'journal': '', 'evidence_sentence': 'ap1-1 floral meristems converted to shoot-like structures with secondary flowers; SVP, SOC1, AGL24 ectopically expressed in meristems. Flowering time not dramatically altered but meristem identity disturbed'}"
T012,AP1,overexpression,2.0,,,1.0,1.001012,WT,1.0,1.001012,0.0015,0.05,unchanged,decreased,False,Flowering_Time,1,easy,1,True,5,"{'doi': '10.3389/fpls.2022.852047', 'title': 'The flowering transition pathways converge into a complex gene regulatory network', 'authors': 'Garcia-Gomez et al.', 'year': 2022, 'journal': '', 'evidence_sentence': '35S::AP1 plants are early flowering; SAM becomes floral meristem.'}"
T013,AP2,overexpression,2.0,,,1.0,0.500195,WT,1.0,0.500195,-0.9994,0.05,decreased,increased,False,Flowering_Time,1,easy,1,True,22,"{'doi': '10.3389/fpls.2022.852047', 'title': 'The flowering transition pathways converge into a complex gene regulatory network', 'authors': 'Garcia-Gomez et al.', 'year': 2022, 'journal': '', 'evidence_sentence': 'AP2 overexpression lines are late flowering.'}"
T016,AS1,knockout,0.5,,,1.0,0.998989,WT,1.0,0.998989,-0.0015,0.05,unchanged,increased,False,Flowering_Time,1,easy,1,True,5,"{'doi': '10.1016/j.xplc.2023.100552', 'title': 'Photoperiodic flowering in Arabidopsis: Multilayered regulatory mechanisms of CONSTANS and the florigen FLOWERING LOCUS T', 'authors': 'Hiroshi Takagi, Andrew K Hempton, Takato Imaizumi', 'year': 2023, 'journal': 'Plant Communications', 'evidence_sentence': 'AS1 is a CO interaction partner and positive regulator of FT; loss leads to late flowering'}"
T020,BBX19,knockout,0.0,,,1.0,9.999797,WT,1.0,9.999797,3.3219,0.05,increased,decreased,False,Flowering_Time,1,easy,1,True,30,"{'doi': '10.1199/tab.0178', 'title': 'Photoperiodic Regulation of Florigen Function in Arabidopsis thaliana', 'authors': 'Greg S Golembeski, Takato Imaizumi', 'year': 2015, 'journal': 'The Arabidopsis Book', 'evidence_sentence': 'BBX19 interferes with CO activity; loss leads to early flowering'}"
T021,BOI,knockout,0.0,FT,0.5,1.0,0.998989,mutant,0.992181,1.006862,0.0099,0.05,unchanged,decreased,False,Flowering_Time,2,medium,1,True,5,"{'doi': '10.1016/j.xplc.2023.100552', 'title': 'Photoperiodic flowering in Arabidopsis: Multilayered regulatory mechanisms of CONSTANS and the florigen FLOWERING LOCUS T', 'authors': 'Hiroshi Takagi, Andrew K Hempton, Takato Imaizumi', 'year': 2023, 'journal': 'Plant Communications', 'evidence_sentence': 'BOI represses FT expression; loss of BOI leads to early flowering'}"
T023,BZR1,gain_of_function,2.0,,,1.0,1.001012,WT,1.0,1.001012,0.0015,0.05,unchanged,decreased,False,Flowering_Time,1,easy,1,True,5,"{'doi': '10.1073/pnas.0800568105', 'title': 'Attenuation of brassinosteroid signaling enhances FLC expression and delays flowering', 'authors': 'Domagalska et al.', 'year': 2007, 'journal': '', 'evidence_sentence': 'Constitutive BZR1 activation promotes flowering through FLC regulation.'}"
T024,CBF3,overexpression,2.0,,,1.0,1.001012,WT,1.0,1.001012,0.0015,0.05,unchanged,decreased,False,Flowering_Time,1,easy,1,True,5,"{'doi': '10.7554/eLife.84594', 'title': 'Vernalization-triggered expression of the antisense transcript COOLAIR is mediated by CBF genes', 'authors': 'Jeon M, Jeong G, Yang Y, Luo X, Jeong D, Kyung J, Hyun Y, Colot V, Denne C, Ahn JH', 'year': 2023, 'journal': '', 'evidence_sentence': 'CBF3-overexpressing plants show increased COOLAIR levels and early flowering'}"
T025,CCA1,knockout,0.0,,,1.0,9.999797,WT,1.0,9.999797,3.3219,0.05,increased,decreased,False,Flowering_Time,1,easy,1,True,30,"{'doi': '10.1186/s12870-016-0810-8', 'title': 'LATE ELONGATED HYPOCOTYL regulates photoperiodic flowering via the circadian clock', 'authors': 'Park et al.', 'year': 2016, 'journal': '', 'evidence_sentence': 'lhy cca1 double mutants accelerate flowering under SD via GI-CO-dependent pathway.'}"
T026,CCA1,overexpression,2.0,,,1.0,0.500195,WT,1.0,0.500195,-0.9994,0.05,decreased,increased,False,Flowering_Time,1,easy,1,True,22,"{'doi': '10.1093/pcp/pcm099', 'title': 'Genetic linkages of CCA1 and LHY in photoperiodic control of flowering', 'authors': 'Mizoguchi et al.', 'year': 2007, 'journal': '', 'evidence_sentence': 'CCA1 overexpression causes late flowering by disrupting the circadian clock and photoperiod response.'}"
T034,CKX1,overexpression,0.0,,,1.0,0.992181,WT,1.0,0.992181,-0.0113,0.05,unchanged,increased,False,Flowering_Time,1,easy,1,True,10,"{'doi': '10.1093/plphys/kiaf204', 'title': 'Root-derived cytokinin regulates Arabidopsis flowering time', 'authors': 'Root et al.', 'year': 2025, 'journal': '', 'evidence_sentence': 'CKX1ox, CKX3ox, and CKX4ox show strong retardation of flowering due to cytokinin depletion.'}"
T035,CLF,knockout,0.0,FT,2.0,1.0,0.99404,mutant,0.992181,1.001874,0.0027,0.05,unchanged,decreased,False,Flowering_Time,2,medium,1,True,10,"{'doi': '10.1038/emboj.2013.145', 'title': 'Arabidopsis MSI1 connects LHP1 to PRC2 complexes', 'authors': 'Derkacheva M, Steinbach Y, Wildhaber T, Mozgova I, Mahrez W, Nanni P, Bischof S, Gruissem W, Hennig L', 'year': 2013, 'journal': '', 'evidence_sentence': 'clf mutants flower early due to upregulation of multiple PcG target genes; CLF mutation leads to early flowering despite elevated FLC expression'}"
T036,CO,knockout,0.0,,,1.0,0.992181,WT,1.0,0.992181,-0.0113,0.05,unchanged,increased,False,Flowering_Time,1,easy,1,True,10,"{'doi': '10.1199/tab.0178', 'title': 'Photoperiodic Regulation of Florigen Function in Arabidopsis thaliana', 'authors': 'Greg S Golembeski, Takato Imaizumi', 'year': 2015, 'journal': 'The Arabidopsis Book', 'evidence_sentence': 'co mutants flower late under LD; flowering in response to the inductive photoperiod is severely delayed in co-101 mutants'}"
T037,CO,overexpression,2.0,,,1.0,1.001012,WT,1.0,1.001012,0.0015,0.05,unchanged,decreased,False,Flowering_Time,1,easy,1,True,5,"{'doi': '10.1073/pnas.1415375111', 'title': 'Distinct roles of FKF1, GIGANTEA, and ZEITLUPE proteins in the regulation of CONSTANS stability in Arabidopsis photoperiodic flowering', 'authors': 'Young Hun Song, Daniel A Estrada, Richard S Johnson, Somi K Kim, Sang Yeol Lee, Michael J MacCoss, Takato Imaizumi', 'year': 2014, 'journal': 'PNAS', 'evidence_sentence': 'CO overexpression lines flower very early; all CO overexpressors flowered much earlier than WT plants in SD conditions'}"
T038,"CO (CO-2, CO-9)",knockout,0.0,,,1.0,0.992181,WT,1.0,0.992181,-0.0113,0.05,unchanged,increased,False,Flowering_Time,1,easy,1,True,10,"{'doi': '10.1105/tpc.116.tt0916', 'title': 'The DELLA-CONSTANS Transcription Factor Cascade Integrates Gibberellic Acid and Photoperiod Signaling to Regulate Flowering', 'authors': 'Xu et al.', 'year': None, 'journal': '', 'evidence_sentence': 'co-2 mutant: 17.9 +/- 3.1 rosette leaves; FT expression severely reduced and unresponsive to GA3; exogenous GA3 almost unable to induce FT expression in co-2'}"
T039,COI1,knockout,0.0,,,1.0,9.999797,WT,1.0,9.999797,3.3219,0.05,increased,decreased,False,Flowering_Time,1,easy,1,True,30,"{'doi': '10.1105/tpc.115.00929', 'title': 'Transcriptional mechanism of COI1-mediated delay of flowering time', 'authors': 'Zhai et al.', 'year': 2015, 'journal': '', 'evidence_sentence': 'coi1 mutants flower early because JA-mediated FT repression via TOE1/TOE2 is abolished.'}"
T040,COL12,knockout,0.0,CO,0.5,1.0,0.998989,mutant,0.992181,1.006862,0.0099,0.05,unchanged,decreased,False,Flowering_Time,2,medium,1,True,5,"{'doi': '10.1016/j.xplc.2023.100552', 'title': 'Photoperiodic flowering in Arabidopsis: Multilayered regulatory mechanisms of CONSTANS and the florigen FLOWERING LOCUS T', 'authors': 'Hiroshi Takagi, Andrew K Hempton, Takato Imaizumi', 'year': 2023, 'journal': 'Plant Communications', 'evidence_sentence': 'COL12 interferes with CO activity through direct interaction; loss leads to early flowering'}"
T041,COLDAIR,knockout,0.5,,,1.0,0.998989,WT,1.0,0.998989,-0.0015,0.05,unchanged,increased,False,Flowering_Time,1,easy,1,True,5,"{'doi': '10.1371/journal.pgen.1006939', 'title': 'Modular function of long noncoding RNA, COLDAIR, in the vernalization response', 'authors': 'Kim DH, Xi Y, Sung S', 'year': 2017, 'journal': '', 'evidence_sentence': 'Transgenic lines with COLDAIR mutant construct showed compromised vernalization response, flowering late even after vernalization'}"
T042,COOLAIR,knockout,0.0,,,1.0,0.992181,WT,1.0,0.992181,-0.0113,0.05,unchanged,increased,False,Flowering_Time,1,easy,1,True,10,"{'doi': '10.1073/pnas.1419030111', 'title': 'Antisense COOLAIR mediates the coordinated switching of chromatin states at FLC during vernalization', 'authors': 'Csorba T, Questa JI, Sun Q, Dean C', 'year': 2014, 'journal': '', 'evidence_sentence': 'FLC unspliced transcript reduced by cold much more slowly in TEX lines lacking intact COOLAIR compared to wild type'}"
T045,CPK33,knockout,0.5,,,1.0,1.999808,WT,1.0,1.999808,0.9999,0.05,increased,increased,True,Flowering_Time,1,easy,1,True,24,"{'doi': '10.1038/srep08341', 'title': 'Calcium-dependent protein kinases responsible for the phosphorylation of a bZIP transcription factor FD crucial for the florigen complex formation', 'authors': 'Kawamoto et al. 2015', 'year': None, 'journal': '', 'evidence_sentence': 'cpk33-1 shows weak but significant late-flowering phenotype under SD-to-LD-to-SD protocol; increased number of leaves at flowering'}"
T046,"CRY1,CRY2",knockout,0.0,,,1.0,0.992181,WT,1.0,0.992181,-0.0113,0.05,unchanged,increased,False,Flowering_Time,1,easy,1,True,10,"{'doi': '10.1105/tpc.107.057281', 'title': 'COP1-Mediated Ubiquitination of CONSTANS Is Implicated in Cryptochrome Regulation of Flowering in Arabidopsis', 'authors': 'Li-Jun Liu, Yan-Chun Zhang, Qing-Hua Li, Yi Sang, Jian Mao, Hong-Li Lian, Long Wang, Hong-Quan Yang', 'year': 2008, 'journal': 'The Plant Cell', 'evidence_sentence': 'cry1 cry2 double mutants flower late in LDs; CO protein abundance is reduced in the afternoon in cry1 cry2 mutants'}"
T048,CRY2,knockout,0.0,,,1.0,0.992181,WT,1.0,0.992181,-0.0113,0.05,unchanged,increased,False,Flowering_Time,1,easy,1,True,10,"{'doi': '10.1016/j.cub.2011.03.048', 'title': 'Blue Light-Dependent Interaction of CRY2 with SPA1 Regulates COP1 activity and Floral Initiation in Arabidopsis', 'authors': 'Zecheng Zuo, Hongtao Liu, Bin Liu, Xuanming Liu, Chentao Lin', 'year': 2011, 'journal': 'Current Biology', 'evidence_sentence': 'cry2 mutant flowered significantly later than wild-type plants under LD; CRY2 plays major role in flowering regulation'}"
T051,CUL4,knockout,0.0,FT,1.0,1.0,0.993354,mutant,0.992181,1.001182,0.0017,0.05,unchanged,decreased,False,Flowering_Time,2,medium,1,True,10,"{'doi': '10.1073/pnas.1018242108', 'title': 'MSI4/FVE interacts with CUL4-DDB1 and a PRC2-like complex to control epigenetic regulation of flowering time in Arabidopsis', 'authors': 'Pazhouhandeh M, Molinier J, Berr A, Genschik P', 'year': 2011, 'journal': '', 'evidence_sentence': 'AScul4 and cul4-1 plants flowered earlier than Col0 both under LD and SD'}"
T052,DDB1A,knockout,0.0,FT,1.0,1.0,0.993354,mutant,0.992181,1.001182,0.0017,0.05,unchanged,decreased,False,Flowering_Time,2,medium,1,True,10,"{'doi': '10.1073/pnas.1018242108', 'title': 'MSI4/FVE interacts with CUL4-DDB1 and a PRC2-like complex to control epigenetic regulation of flowering time in Arabidopsis', 'authors': 'Pazhouhandeh, Molinier, Berr, Genschik', 'year': 2011, 'journal': '', 'evidence_sentence': 'ddb1a-2 plants flowered earlier than Col0 both under LD'}"
T053,DELLA,knockout,0.0,,,1.0,0.992181,WT,1.0,0.992181,-0.0113,0.05,unchanged,decreased,False,Flowering_Time,1,easy,1,True,10,"{'doi': '10.1016/j.xplc.2023.100552', 'title': 'Photoperiodic flowering in Arabidopsis: Multilayered regulatory mechanisms of CONSTANS and the florigen FLOWERING LOCUS T', 'authors': 'Hiroshi Takagi, Andrew K Hempton, Takato Imaizumi', 'year': 2023, 'journal': 'Plant Communications', 'evidence_sentence': 'Release of CO from DELLA promotes GA-dependent flowering induction; della multiple mutants flower early'}"
T054,DELLA (DELLAP: GAI-T6 RGA-T2 RGL1-1 RGL2-1),knockout,0.0,,,1.0,0.992181,WT,1.0,0.992181,-0.0113,0.05,unchanged,decreased,False,Flowering_Time,1,easy,1,True,10,"{'doi': '10.1105/tpc.116.tt0916', 'title': 'The DELLA-CONSTANS Transcription Factor Cascade Integrates Gibberellic Acid and Photoperiod Signaling to Regulate Flowering', 'authors': 'Xu et al.', 'year': None, 'journal': '', 'evidence_sentence': 'dellap mutant showed early flowering (7.4 +/- 0.6 rosette leaves vs 9.3 +/- 0.7 in wild type); FT expression elevated compared to wild type'}"
T056,DROUGHT,drought_stress,1.0,SOC1,1.0,1.0,1.001012,WT,1.0,1.001012,0.0015,0.05,unchanged,decreased,False,Flowering_Time,1,easy,1,True,5,"{'doi': '10.1016/j.molp.2019.01.003', 'title': 'ABF3 and ABF4 mediate drought-accelerated flowering', 'authors': 'Hwang et al.', 'year': 2019, 'journal': '', 'evidence_sentence': 'Drought accelerates flowering via ABF3/ABF4-NF-YC-SOC1 pathway (drought escape response).'}"
T057,EFM,knockout,0.0,FT,0.5,1.0,0.998989,mutant,0.992181,1.006862,0.0099,0.05,unchanged,decreased,False,Flowering_Time,2,medium,1,True,5,"{'doi': '10.1016/j.xplc.2023.100552', 'title': 'Photoperiodic flowering in Arabidopsis: Multilayered regulatory mechanisms of CONSTANS and the florigen FLOWERING LOCUS T', 'authors': 'Hiroshi Takagi, Andrew K Hempton, Takato Imaizumi', 'year': 2023, 'journal': 'Plant Communications', 'evidence_sentence': 'EFM is a negative regulator of FT; efm mutants flower early'}"
T058,EFS,knockout,0.75,,,1.0,0.999668,WT,1.0,0.999668,-0.0005,0.05,unchanged,decreased,False,Flowering_Time,1,easy,1,True,3,"{'doi': '10.1105/tpc.110.075911', 'title': 'The FRIGIDA Complex Activates Transcription of FLC, a Strong Flowering Repressor in Arabidopsis, by Recruiting Chromatin Modification Factors', 'authors': 'Choi K, Kim J, Hwang HJ, Kim S, Park C, Kim SY, Lee I', 'year': 2011, 'journal': '', 'evidence_sentence': 'efs reduced the RNA polII enrichment at the first exon; efs epistatic to fca displaying early flowering'}"
T066,EMF2,knockout,0.0,FT,2.0,1.0,0.99404,mutant,0.992181,1.001874,0.0027,0.05,unchanged,decreased,False,Flowering_Time,2,medium,1,True,10,"{'doi': '10.1038/emboj.2013.145', 'title': 'Arabidopsis MSI1 connects LHP1 to PRC2 complexes', 'authors': 'Derkacheva M, Steinbach Y, Wildhaber T, Mozgova I, Mahrez W, Nanni P, Bischof S, Gruissem W, Hennig L', 'year': 2013, 'journal': '', 'evidence_sentence': 'emf2 mutants flower earlier than wild type due to upregulation of PcG target genes'}"
T072,FD,knockout,0.0,,,1.0,9.999797,WT,1.0,9.999797,3.3219,0.05,increased,increased,True,Flowering_Time,1,easy,1,True,30,"{'doi': '10.1038/s41586-025-09704-6', 'title': 'Florigen activation complex forms via multifaceted assembly in Arabidopsis', 'authors': 'He Gao, Na Ding, Yuang Wu et al., George Coupland', 'year': 2025, 'journal': 'Nature', 'evidence_sentence': 'fd-3 knockout causes late flowering under LD'}"
T073,FD,phospho_dead_mutant,0.0,,,1.0,9.999797,WT,1.0,9.999797,3.3219,0.05,increased,increased,True,Flowering_Time,1,easy,1,True,30,"{'doi': '10.1038/srep08341', 'title': 'Calcium-dependent protein kinases responsible for the phosphorylation of a bZIP transcription factor FD crucial for the florigen complex formation', 'authors': 'Kawamoto et al. 2015', 'year': None, 'journal': '', 'evidence_sentence': 'Non-phosphorylatable T282A FD failed to rescue fd-1 mutant; loss of interaction with both FT and 14-3-3 proteins; cannot form florigen complex'}"
T074,FES1,knockout,0.5,,,1.0,0.998989,WT,1.0,0.998989,-0.0015,0.05,unchanged,decreased,False,Flowering_Time,1,easy,1,True,5,"{'doi': '10.1105/tpc.110.075911', 'title': 'The FRIGIDA Complex Activates Transcription of FLC, a Strong Flowering Repressor in Arabidopsis, by Recruiting Chromatin Modification Factors', 'authors': 'Choi K, Kim J, Hwang HJ, Kim S, Park C, Kim SY, Lee I', 'year': 2011, 'journal': '', 'evidence_sentence': 'fes1 mutations show an early flowering phenotype'}"
T075,FIE,knockout,0.5,,,1.0,0.998989,WT,1.0,0.998989,-0.0015,0.05,unchanged,increased,False,Flowering_Time,1,easy,1,True,5,"{'doi': '10.1073/pnas.0606385103', 'title': 'The Arabidopsis thaliana vernalization response requires a polycomb-like protein complex that also includes VERNALIZATION INSENSITIVE 3', 'authors': 'Wood CC, Robertson M, Tanner G, Peacock WJ, Dennis ES, Helliwell CA', 'year': 2006, 'journal': '', 'evidence_sentence': 'siFIE plants were late-flowering and weakly responsive to vernalization'}"
T076,FKBP12,knockout,0.0,FT,0.3,1.0,0.998064,mutant,0.992181,1.00593,0.0085,0.05,unchanged,decreased,False,Flowering_Time,2,medium,1,True,7,"{'doi': '10.1016/j.xplc.2023.100552', 'title': 'Photoperiodic flowering in Arabidopsis: Multilayered regulatory mechanisms of CONSTANS and the florigen FLOWERING LOCUS T', 'authors': 'Hiroshi Takagi, Andrew K Hempton, Takato Imaizumi', 'year': 2023, 'journal': 'Plant Communications', 'evidence_sentence': 'FKBP12 prevents degradation of phosphorylated CO proteins; fkbp12 mutant flowers early'}"
T078,FLC,knockout,0.0,,,1.0,0.992181,WT,1.0,0.992181,-0.0113,0.05,unchanged,decreased,False,Flowering_Time,1,easy,1,True,10,"{'doi': '10.1199/tab.0178', 'title': 'Photoperiodic Regulation of Florigen Function in Arabidopsis thaliana', 'authors': 'Greg S Golembeski, Takato Imaizumi', 'year': 2015, 'journal': 'The Arabidopsis Book', 'evidence_sentence': 'FLC is a floral repressor; flc mutants flower early'}"
T079,FLC,overexpression,2.0,,,1.0,1.001012,WT,1.0,1.001012,0.0015,0.05,unchanged,increased,False,Flowering_Time,1,easy,1,True,5,"{'doi': '10.3389/fpls.2022.852047', 'title': 'The flowering transition pathways converge into a complex gene regulatory network', 'authors': 'Garcia-Gomez et al.', 'year': 2022, 'journal': '', 'evidence_sentence': 'FLC overexpressor lines are very late flowering or remain vegetative.'}"
T082,FLM,knockout,0.0,,,1.0,9.999797,WT,1.0,9.999797,3.3219,0.05,increased,decreased,False,Flowering_Time,1,easy,1,True,30,"{'doi': '10.1038/nature12633', 'title': 'Temperature-dependent regulation of flowering by antagonistic FLM variants', 'authors': 'Pose et al.', 'year': 2013, 'journal': '', 'evidence_sentence': 'flm mutants flower early at cool temperatures due to loss of FLM-beta repressive complex.'}"
T083,FLM (FLM),knockout,0.0,,,1.0,9.999797,WT,1.0,9.999797,3.3219,0.05,increased,decreased,False,Flowering_Time,1,easy,1,True,30,"{'doi': '10.1038/ncomms2947', 'title': 'Arabidopsis FLC clade members form flowering-repressor complexes coordinating responses to endogenous and environmental cues', 'authors': 'Pose et al.', 'year': 2013, 'journal': '', 'evidence_sentence': 'flm mutants are much earlier than flc mutants in short days; FLM controls flowering in the range between 5C and 23C'}"
T084,FLX,knockout,0.5,,,1.0,0.998989,WT,1.0,0.998989,-0.0015,0.05,unchanged,decreased,False,Flowering_Time,1,easy,1,True,5,"{'doi': '10.1105/tpc.110.075911', 'title': 'The FRIGIDA Complex Activates Transcription of FLC, a Strong Flowering Repressor in Arabidopsis, by Recruiting Chromatin Modification Factors', 'authors': 'Choi K, Kim J, Hwang HJ, Kim S, Park C, Kim SY, Lee I', 'year': 2011, 'journal': '', 'evidence_sentence': 'flx mutations show an early flowering phenotype'}"
T086,FRI,gain_of_function,2.0,,,1.0,1.001012,WT,1.0,1.001012,0.0015,0.05,unchanged,increased,False,Flowering_Time,1,easy,1,True,5,"{'doi': '10.1104/pp.19.01009', 'title': 'Autonomous Pathway: FLOWERING LOCUS C Repression through an Antisense-Mediated Chromatin-Silencing Mechanism', 'authors': 'Wu Z, Fang X, Zhu D, Dean C', 'year': 2020, 'journal': '', 'evidence_sentence': 'Active FRI up-regulates FLC causing late flowering'}"
T087,FRI,knockout,0.0,,,1.0,0.992181,WT,1.0,0.992181,-0.0113,0.05,unchanged,decreased,False,Flowering_Time,1,easy,1,True,10,"{'doi': '10.1105/tpc.110.075911', 'title': 'The FRIGIDA Complex Activates Transcription of FLC, a Strong Flowering Repressor in Arabidopsis, by Recruiting Chromatin Modification Factors', 'authors': 'Choi K, Kim J, Hwang HJ, Kim S, Park C, Kim SY, Lee I', 'year': 2011, 'journal': '', 'evidence_sentence': 'fri mutation causes early flowering with reduced FLC expression'}"
T088,FRL1,knockout,0.5,,,1.0,0.998989,WT,1.0,0.998989,-0.0015,0.05,unchanged,decreased,False,Flowering_Time,1,easy,1,True,5,"{'doi': '10.1105/tpc.110.075911', 'title': 'The FRIGIDA Complex Activates Transcription of FLC, a Strong Flowering Repressor in Arabidopsis, by Recruiting Chromatin Modification Factors', 'authors': 'Choi K, Kim J, Hwang HJ, Kim S, Park C, Kim SY, Lee I', 'year': 2011, 'journal': '', 'evidence_sentence': 'frl1 mutations show an early flowering phenotype'}"
T089,FT,knockout,0.0,,,1.0,0.992181,WT,1.0,0.992181,-0.0113,0.05,unchanged,increased,False,Flowering_Time,1,easy,1,True,10,"{'doi': '10.1199/tab.0178', 'title': 'Photoperiodic Regulation of Florigen Function in Arabidopsis thaliana', 'authors': 'Greg S Golembeski, Takato Imaizumi', 'year': 2015, 'journal': 'The Arabidopsis Book', 'evidence_sentence': 'FT is critical in signaling for the transition into flowering; ft mutants flower late under LD'}"
T090,FT,overexpression,2.0,,,1.0,1.001012,WT,1.0,1.001012,0.0015,0.05,unchanged,decreased,False,Flowering_Time,1,easy,1,True,5,"{'doi': '10.1199/tab.0178', 'title': 'Photoperiodic Regulation of Florigen Function in Arabidopsis thaliana', 'authors': 'Greg S Golembeski, Takato Imaizumi', 'year': 2015, 'journal': 'The Arabidopsis Book', 'evidence_sentence': 'FT overexpression causes early flowering; FT crucial in specifying the conversion of vegetative cell fate'}"
T091,"FT,TSF",double_knockout,0.0,,,1.0,0.984193,WT,1.0,0.984193,-0.023,0.05,unchanged,increased,False,Flowering_Time,2,medium,1,True,12,"{'doi': '10.1111/tpj.14335', 'title': 'Genetic interactions reveal the antagonistic roles of FT/TSF and TFL1 in the determination of inflorescence meristem identity in Arabidopsis', 'authors': 'Lee et al. 2019', 'year': None, 'journal': '', 'evidence_sentence': 'ft-10 tsf-1 double mutant shows compact inflorescence surrounded by serrated leaves (hyper-vegetative shoot) at early bolting stage; photoperiod-insensitive'}"
T092,"FT,TSF",knockout,0.0,,,1.0,0.984193,WT,1.0,0.984193,-0.023,0.05,unchanged,increased,False,Flowering_Time,2,medium,1,True,12,"{'doi': '10.1104/pp.108.122606', 'title': 'Regulation of CONSTANS and FLOWERING LOCUS T Expression in Response to Changing Light Quality', 'authors': 'Sang Yeol Kim, Xuhong Yu, Scott D Michaels', 'year': 2008, 'journal': 'Plant Physiology', 'evidence_sentence': 'ft tsf double mutant is photoperiod-insensitive; shows much weaker response to far-red enriched light'}"
T093,FT_TSF,double_knockout,0.0,,,1.0,0.984193,WT,1.0,0.984193,-0.023,0.05,unchanged,increased,False,Flowering_Time,2,medium,1,True,12,"{'doi': '10.1093/pcp/pci151', 'title': 'TSF Acts as a Floral Pathway Integrator Redundantly with FT', 'authors': 'Yamaguchi et al.', 'year': 2005, 'journal': '', 'evidence_sentence': 'ft tsf double mutant is photoperiod-insensitive and very late flowering under both LD and SD.'}"
T094,FUL,overexpression,2.0,,,1.0,1.001012,WT,1.0,1.001012,0.0015,0.05,unchanged,decreased,False,Flowering_Time,1,easy,1,True,5,"{'doi': '10.1111/j.1365-313X.2011.04840.x', 'title': 'Uncovering genetic and molecular interactions among floral meristem identity genes', 'authors': 'Grandi et al.', 'year': 2012, 'journal': '', 'evidence_sentence': 'FUL overexpression promotes early flowering.'}"
T097,GA1,knockout,0.0,,,1.0,0.992181,WT,1.0,0.992181,-0.0113,0.05,unchanged,increased,False,Flowering_Time,1,easy,1,True,10,"{'doi': '10.3389/fpls.2022.852047', 'title': 'The flowering transition pathways converge into a complex gene regulatory network', 'authors': 'Garcia-Gomez et al.', 'year': 2022, 'journal': '', 'evidence_sentence': 'ga1-3 mutant is late flowering in LD and fails to flower entirely in SD, demonstrating GA requirement under non-inductive conditions.'}"
T098,GA1-3,knockout,0.0,,,1.0,0.992181,WT,1.0,0.992181,-0.0113,0.05,unchanged,increased,False,Flowering_Time,1,easy,1,True,10,"{'doi': '10.1104/pp.106.091504', 'title': 'GA4 Is the Active Gibberellin in the Regulation of LEAFY Transcription and Arabidopsis Floral Initiation', 'authors': 'Eriksson et al.', 'year': None, 'journal': '', 'evidence_sentence': 'ga1-3 mutants fail to flower when grown under short days; cannot upregulate expression of LEAFY'}"
T099,GA20OX1 GA20OX2,knockout,0.0,,,1.0,0.992181,WT,1.0,0.992181,-0.0113,0.05,unchanged,increased,False,Flowering_Time,1,easy,1,True,10,"{'doi': '10.1111/j.1365-313X.2007.03356.x', 'title': 'The gibberellin biosynthetic genes AtGA20ox1 and AtGA20ox2 act, partially redundantly, to promote growth and development throughout the Arabidopsis life cycle', 'authors': 'Rieu et al.', 'year': None, 'journal': '', 'evidence_sentence': 'AtGA20ox1 and AtGA20ox2 act redundantly to promote flowering time; their absence results in dwarfism and delayed flowering'}"
T100,GA3OX1,overexpression,2.0,,,1.0,1.001012,WT,1.0,1.001012,0.0015,0.05,unchanged,decreased,False,Flowering_Time,1,easy,1,True,5,"{'doi': '10.1105/tpc.106.041749', 'title': 'GA4 is the active gibberellin in the regulation of LEAFY transcription', 'authors': 'Eriksson et al.', 'year': 2006, 'journal': '', 'evidence_sentence': 'Increased GA biosynthesis via GA3OX1 overexpression promotes flowering especially in SD.'}"
T103,GI,knockout,0.0,,,1.0,9.999797,WT,1.0,9.999797,3.3219,0.05,increased,increased,True,Flowering_Time,1,easy,1,True,30,"{'doi': '10.1016/B978-0-12-417162-6.00001-8', 'title': 'Photoperiodic flowering regulation in Arabidopsis thaliana', 'authors': 'Greg S Golembeski, Hannah A Kinmonth-Schultz, Young Hun Song, Takato Imaizumi', 'year': 2014, 'journal': 'Advances in Botanical Research', 'evidence_sentence': 'gi mutants display day neutral phenotype and flower much later than WT under inductive long day'}"
T104,GI,overexpression,2.0,,,1.0,0.500195,WT,1.0,0.500195,-0.9994,0.05,decreased,decreased,True,Flowering_Time,1,easy,1,True,22,"{'doi': '10.1073/pnas.1106771108', 'title': 'GIGANTEA directly activates Flowering Locus T in Arabidopsis thaliana', 'authors': 'Sawa and Kay 2011', 'year': None, 'journal': '', 'evidence_sentence': '35S::GI causes flowering at ~12 leaves (earlier than WT); increases both CO and FT expression'}"
T107,HOS1,knockout,0.0,,,1.0,0.992181,WT,1.0,0.992181,-0.0113,0.05,unchanged,decreased,False,Flowering_Time,1,easy,1,True,10,"{'doi': '10.1016/j.xplc.2023.100552', 'title': 'Photoperiodic flowering in Arabidopsis: Multilayered regulatory mechanisms of CONSTANS and the florigen FLOWERING LOCUS T', 'authors': 'Hiroshi Takagi, Andrew K Hempton, Takato Imaizumi', 'year': 2023, 'journal': 'Plant Communications', 'evidence_sentence': 'HOS1 ubiquitinates CO; loss of HOS1 stabilizes CO leading to early flowering'}"
T108,HOS1 (HOS1-3),knockout,0.0,,,1.0,0.992181,WT,1.0,0.992181,-0.0113,0.05,unchanged,decreased,False,Flowering_Time,1,easy,1,True,10,"{'doi': '10.1074/jbc.M112.394140', 'title': 'The E3 Ubiquitin Ligase HOS1 Regulates Arabidopsis Flowering by Mediating CONSTANS Degradation Under Cold Stress', 'authors': 'Jung et al.', 'year': None, 'journal': '', 'evidence_sentence': 'HOS1-deficient mutants exhibit early flowering under both LDs and SDs; flowering of hos1-3 was insensitive to intermittent cold treatments; CO levels were higher (~2-fold) in hos1-3 background; hos1-3 flowering was not significantly delayed at 16C'}"
T111,JA,exogenous_treatment,1.0,COI1,1.0,1.0,0.500195,WT,1.0,0.500195,-0.9994,0.05,decreased,increased,False,Flowering_Time,1,easy,1,True,22,"{'doi': '10.1105/tpc.115.00929', 'title': 'Transcriptional mechanism of COI1-mediated delay of flowering time', 'authors': 'Zhai et al.', 'year': 2015, 'journal': '', 'evidence_sentence': 'Exogenous JA treatment represses FT transcription and delays flowering.'}"
T112,JMJ28,knockout,0.5,,,1.0,0.998989,WT,1.0,0.998989,-0.0015,0.05,unchanged,increased,False,Flowering_Time,1,easy,1,True,5,"{'doi': '10.1016/j.xplc.2023.100552', 'title': 'Photoperiodic flowering in Arabidopsis: Multilayered regulatory mechanisms of CONSTANS and the florigen FLOWERING LOCUS T', 'authors': 'Hiroshi Takagi, Andrew K Hempton, Takato Imaizumi', 'year': 2023, 'journal': 'Plant Communications', 'evidence_sentence': 'FBHs enhance CO transcription by recruiting JMJ28; jmj28 mutants flower late'}"
T116,LFY,knockout,0.0,,,1.0,0.992181,WT,1.0,0.992181,-0.0113,0.05,unchanged,increased,False,Flowering_Time,1,easy,1,True,10,"{'doi': '10.3389/fpls.2022.852047', 'title': 'The flowering transition pathways converge into a complex gene regulatory network', 'authors': 'Garcia-Gomez et al.', 'year': 2022, 'journal': '', 'evidence_sentence': 'lfy mutant plants have partial flower-to-inflorescence transformations.'}"
T117,LFY,overexpression,2.0,,,1.0,1.001012,WT,1.0,1.001012,0.0015,0.05,unchanged,decreased,False,Flowering_Time,1,easy,1,True,5,"{'doi': '10.3389/fpls.2022.852047', 'title': 'The flowering transition pathways converge into a complex gene regulatory network', 'authors': 'Garcia-Gomez et al.', 'year': 2022, 'journal': '', 'evidence_sentence': '35S::LFY plants develop solitary terminal flowers, extremely early flowering.'}"
T118,LHP1,knockout,0.0,FT,1.5,1.0,0.993731,mutant,0.992181,1.001563,0.0023,0.05,unchanged,decreased,False,Flowering_Time,2,medium,1,True,10,"{'doi': '10.1199/tab.0178', 'title': 'Photoperiodic Regulation of Florigen Function in Arabidopsis thaliana', 'authors': 'Greg S Golembeski, Takato Imaizumi', 'year': 2015, 'journal': 'The Arabidopsis Book', 'evidence_sentence': 'pFT:GUS expression in lhp1 mutant plants greatly expanded the range; lhp1 mutants flower early'}"
T119,LHY,knockout,0.0,,,1.0,9.999797,WT,1.0,9.999797,3.3219,0.05,increased,decreased,False,Flowering_Time,1,easy,1,True,30,"{'doi': '10.1186/s12870-016-0810-8', 'title': 'LATE ELONGATED HYPOCOTYL regulates photoperiodic flowering via the circadian clock in Arabidopsis', 'authors': 'Park et al. 2016', 'year': 2016, 'journal': '', 'evidence_sentence': 'lhy-7 mutant shows accelerated flowering under both LD and SD; early flowering phenotypes more prominent under SDs. Rescued when external L/D cycles match endogenous circadian period (20-h cycle)'}"
T120,LHY,overexpression,2.0,,,1.0,0.500195,WT,1.0,0.500195,-0.9994,0.05,decreased,increased,False,Flowering_Time,1,easy,1,True,22,"{'doi': '10.1186/s12870-016-0810-8', 'title': 'LATE ELONGATED HYPOCOTYL regulates photoperiodic flowering via the circadian clock', 'authors': 'Park et al.', 'year': 2016, 'journal': '', 'evidence_sentence': 'LHY overexpression delays flowering.'}"
T121,"LHY,CO",double_knockout,0.0,,,1.0,9.919332,WT,1.0,9.919332,3.3102,0.05,increased,increased,True,Flowering_Time,2,medium,1,True,30,"{'doi': '10.1186/s12870-016-0810-8', 'title': 'LATE ELONGATED HYPOCOTYL regulates photoperiodic flowering via the circadian clock in Arabidopsis', 'authors': 'Park et al. 2016', 'year': 2016, 'journal': '', 'evidence_sentence': 'Acceleration of flowering by the lhy mutation completely disappeared in the lhy-7 co-101 double mutant; FT expression completely annulled. LHY-mediated early flowering requires functional CO'}"
T123,MAF2,knockout,0.0,,,1.0,0.992181,WT,1.0,0.992181,-0.0113,0.05,unchanged,decreased,False,Flowering_Time,1,easy,1,True,10,"{'doi': '10.1371/journal.pone.0126516', 'title': 'MAF2 is regulated by temperature-dependent splicing', 'authors': 'Rosloski et al.', 'year': 2013, 'journal': '', 'evidence_sentence': 'maf2 mutants flower earlier than wild type at cool temperatures.'}"
T124,"MRG1,MRG2",knockout,0.5,,,1.0,0.998989,WT,1.0,0.998989,-0.0015,0.05,unchanged,increased,False,Flowering_Time,1,easy,1,True,5,"{'doi': '10.1016/j.xplc.2023.100552', 'title': 'Photoperiodic flowering in Arabidopsis: Multilayered regulatory mechanisms of CONSTANS and the florigen FLOWERING LOCUS T', 'authors': 'Hiroshi Takagi, Andrew K Hempton, Takato Imaizumi', 'year': 2023, 'journal': 'Plant Communications', 'evidence_sentence': 'mrg1 mrg2 double mutant exhibits reduction in CO binding to FT promoter; flowers late'}"
T125,MSI1,knockout,0.0,FT,1.0,1.0,0.993354,mutant,0.992181,1.001182,0.0017,0.05,unchanged,decreased,False,Flowering_Time,2,medium,1,True,10,"{'doi': '10.1038/emboj.2013.145', 'title': 'Arabidopsis MSI1 connects LHP1 to PRC2 complexes', 'authors': 'Derkacheva M, Steinbach Y, Wildhaber T, Mozgova I, Mahrez W, Nanni P, Bischof S, Gruissem W, Hennig L', 'year': 2013, 'journal': '', 'evidence_sentence': 'Non-vernalized msi1-as plants flowered earlier than non-vernalized wild type; vernalized msi1-as plants flowered similarly to non-vernalized msi1-as showing impaired vernalization response'}"
T126,MSI1,overexpression,2.0,,,1.0,1.001012,WT,1.0,1.001012,0.0015,0.05,unchanged,decreased,False,Flowering_Time,1,easy,1,True,5,"{'doi': '10.1242/dev.033886', 'title': 'Regulation of flowering time by Arabidopsis MSI1', 'authors': 'Bouveret, Schoenhals, Bhalerao, Hennig', 'year': None, 'journal': '', 'evidence_sentence': 'Ectopic expression of MSI1 accelerated flowering'}"
T127,NF-YA2,overexpression,2.0,,,1.0,0.500195,WT,1.0,0.500195,-0.9994,0.05,decreased,decreased,True,Flowering_Time,1,easy,1,True,22,"{'doi': '10.1371/journal.pgen.1006496', 'title': 'NUCLEAR FACTOR Y, Subunit A (NF-YA) Proteins Positively Regulate Flowering and Act Through FLOWERING LOCUS T', 'authors': 'Chamindika L Siriwardana, Nerina Gnesutta, Roderick W Kumimoto, Daniel S Jones, Zachary A Myers, Roberto Mantovani, Ben F Holt III', 'year': 2016, 'journal': 'PLoS Genetics', 'evidence_sentence': 'Two independent p35S:NF-YA2 lines flowered early (~10 leaves, compared to 13 for wild type)'}"
T128,NF-YB2,knockout,0.5,,,1.0,1.999808,WT,1.0,1.999808,0.9999,0.05,increased,increased,True,Flowering_Time,1,easy,1,True,24,"{'doi': '10.1038/s44318-024-00293-0', 'title': 'Molecular condensation of the CO/NF-YB/NF-YC/FT complex gates floral transition', 'authors': 'Zhang et al.', 'year': 2024, 'journal': 'EMBO Journal', 'evidence_sentence': 'Loss of NF-YB2/B3 reduces CO-mediated FT activation, delaying flowering.'}"
T129,NF-YB2,overexpression,2.0,,,1.0,0.500195,WT,1.0,0.500195,-0.9994,0.05,decreased,decreased,True,Flowering_Time,1,easy,1,True,22,"{'doi': '10.1371/journal.pgen.1006496', 'title': 'NUCLEAR FACTOR Y, Subunit A (NF-YA) Proteins Positively Regulate Flowering and Act Through FLOWERING LOCUS T', 'authors': 'Chamindika L Siriwardana, Nerina Gnesutta, Roderick W Kumimoto, Daniel S Jones, Zachary A Myers, Roberto Mantovani, Ben F Holt III', 'year': 2016, 'journal': 'PLoS Genetics', 'evidence_sentence': 'p35S:NF-YB2 nf-yb2 nf-yb3 plants flowered ~20 leaves earlier than the parental mutant'}"
T130,"NF-YB2,NF-YB3",knockout,0.5,,,1.0,1.999808,WT,1.0,1.999808,0.9999,0.05,increased,increased,True,Flowering_Time,1,easy,1,True,24,"{'doi': '10.1105/tpc.113.120352', 'title': 'A Distal CCAAT/NUCLEAR FACTOR Y Complex Promotes Chromatin Looping at the FLOWERING LOCUS T Promoter and Regulates the Timing of Flowering in Arabidopsis', 'authors': 'Shuanghe Cao, Roderick W Kumimoto, Nerina Gnesutta, Alessandra M Calogero, Roberto Mantovani, Ben F Holt III', 'year': 2014, 'journal': 'The Plant Cell', 'evidence_sentence': 'nf-yb2 nf-yb3 double mutants flower very late; higher order nf-y mutants appear phenotypically identical to co mutants'}"
T131,"NF-YC3,NF-YC4,NF-YC9",knockout,0.0,,,1.0,9.999797,WT,1.0,9.999797,3.3219,0.05,increased,increased,True,Flowering_Time,1,easy,1,True,30,"{'doi': '10.1038/s44318-024-00293-0', 'title': 'Molecular condensation of the CO/NF-YB/NF-YC/FT complex gates floral transition in Arabidopsis', 'authors': 'Xiang Huang, Zhiming Ma, Danxia He, Xiao Han, Xu Liu, Qiong Dong, Cuirong Tan, Bin Yu, Tiedong Sun, Lars Nordenskiold, Lanyuan Lu, Yansong Miao, Xingliang Hou', 'year': 2024, 'journal': 'EMBO Journal', 'evidence_sentence': 'nf-yc triple mutant flowers very late; severe late-flowering phenotype similar to co mutants'}"
T132,NITRATE,high_nitrate_treatment,1.0,FLC,1.0,1.0,1.001012,WT,1.0,1.001012,0.0015,0.05,unchanged,increased,False,Flowering_Time,1,easy,1,True,5,"{'doi': '10.1093/jxb/erx422', 'title': 'SMZ/SNZ and gibberellin signaling are required for nitrate-elicited delay of flowering', 'authors': 'Olas et al.', 'year': 2018, 'journal': '', 'evidence_sentence': 'High nitrate delays flowering through activation of SMZ/SNZ via the gibberellin pathway.'}"
T133,PEP,overexpression,2.0,FLC,1.0,1.0,1.001702,mutant,1.001012,1.000689,0.001,0.05,unchanged,increased,False,Flowering_Time,2,medium,1,True,6,"{'doi': '10.1007/s12298-017-0458-3', 'title': 'Research progress on the autonomous flowering time pathway in Arabidopsis', 'authors': 'Cheng JZ, Zhou YP, Lv TX, Xie CP, Tian CE', 'year': 2017, 'journal': '', 'evidence_sentence': 'PEP overexpression resulted in high FLC transcript levels and delayed flowering'}"
T134,PFT1,knockout,0.0,,,1.0,0.992181,WT,1.0,0.992181,-0.0113,0.05,unchanged,increased,False,Flowering_Time,1,easy,1,True,10,"{'doi': '10.1199/tab.0178', 'title': 'Photoperiodic Regulation of Florigen Function in Arabidopsis thaliana', 'authors': 'Greg S Golembeski, Takato Imaizumi', 'year': 2015, 'journal': 'The Arabidopsis Book', 'evidence_sentence': 'PFT1 is critical for transcription of CO as well as FT transcription; pft1 mutants flower late'}"
T135,PHL,knockout,0.5,,,1.0,0.998989,WT,1.0,0.998989,-0.0015,0.05,unchanged,increased,False,Flowering_Time,1,easy,1,True,5,"{'doi': '10.1016/B978-0-12-417162-6.00001-8', 'title': 'Photoperiodic flowering regulation in Arabidopsis thaliana', 'authors': 'Greg S Golembeski, Hannah A Kinmonth-Schultz, Young Hun Song, Takato Imaizumi', 'year': 2014, 'journal': 'Advances in Botanical Research', 'evidence_sentence': 'Mutations in PHYTOCHROME-DEPENDENT LATE FLOWERING cause late flowering phenotype; PHL attenuates phyB-dependent CO degradation'}"
T136,PHO1,knockout,0.5,,,1.0,0.998989,WT,1.0,0.998989,-0.0015,0.05,unchanged,increased,False,Flowering_Time,1,easy,1,True,5,"{'doi': '10.1093/jxb/erae254', 'title': 'PHO1-mediated phosphate translocation regulates floral transition', 'authors': 'Wege et al.', 'year': 2024, 'journal': '', 'evidence_sentence': 'pho1 knockout mutants exhibit delayed flowering due to JA-dependent suppression of FT and TSF expression.'}"
T137,PHO2,knockout,0.5,,,1.0,1.999808,WT,1.0,1.999808,0.9999,0.05,increased,decreased,False,Flowering_Time,1,easy,1,True,24,"{'doi': '10.1007/s10059-011-1043-1', 'title': 'The role of the miR399-PHO2 module in the regulation of flowering time', 'authors': 'Kim et al.', 'year': 2011, 'journal': '', 'evidence_sentence': 'pho2 mutants exhibit early flowering at 23C with increased TSF expression.'}"
T138,PHYA,knockout,0.0,,,1.0,0.992181,WT,1.0,0.992181,-0.0113,0.05,unchanged,increased,False,Flowering_Time,1,easy,1,True,10,"{'doi': '10.1199/tab.0178', 'title': 'Photoperiodic Regulation of Florigen Function in Arabidopsis thaliana', 'authors': 'Greg S Golembeski, Takato Imaizumi', 'year': 2015, 'journal': 'The Arabidopsis Book', 'evidence_sentence': 'phyA mutant largely lacks FT morning peak; CO protein abundance is reduced in the afternoon in phyA mutants leading to late flowering'}"
T139,PHYB,knockout,0.0,,,1.0,0.992181,WT,1.0,0.992181,-0.0113,0.05,unchanged,decreased,False,Flowering_Time,1,easy,1,True,10,"{'doi': '10.1199/tab.0178', 'title': 'Photoperiodic Regulation of Florigen Function in Arabidopsis thaliana', 'authors': 'Greg S Golembeski, Takato Imaizumi', 'year': 2015, 'journal': 'The Arabidopsis Book', 'evidence_sentence': 'CO protein is stabilized in phyB mutants; CO protein is highly abundant throughout the day in phyB mutants leading to early flowering'}"
T140,PHYB (PHYB-9),knockout,0.0,,,1.0,0.992181,WT,1.0,0.992181,-0.0113,0.05,unchanged,decreased,False,Flowering_Time,1,easy,1,True,10,"{'doi': '10.1074/jbc.M112.394140', 'title': 'The E3 Ubiquitin Ligase HOS1 Regulates Arabidopsis Flowering by Mediating CONSTANS Degradation Under Cold Stress', 'authors': 'Jung et al.', 'year': None, 'journal': '', 'evidence_sentence': 'CO levels were higher in the phyB-9 mutant than in Col-0 plants grown at both temperatures; phyB represses CO activity to delay flowering time'}"
T142,PIF4,knockout,0.0,,,1.0,0.992181,WT,1.0,0.992181,-0.0113,0.05,unchanged,increased,False,Flowering_Time,1,easy,1,True,10,"{'doi': '10.1038/nature10928', 'title': 'Transcription factor PIF4 controls the thermosensory activation of flowering', 'authors': 'Kumar et al.', 'year': 2012, 'journal': '', 'evidence_sentence': 'pif4 mutants fail to show warm temperature-induced early flowering.'}"
T143,PIF4,overexpression,2.0,,,1.0,1.001012,WT,1.0,1.001012,0.0015,0.05,unchanged,decreased,False,Flowering_Time,1,easy,1,True,5,"{'doi': '10.1038/nature10928', 'title': 'Transcription factor PIF4 controls the thermosensory activation of flowering', 'authors': 'Kumar et al.', 'year': 2012, 'journal': '', 'evidence_sentence': 'PIF4 overexpression causes early flowering through direct FT activation.'}"
T144,PIF4 (PIF4-2),knockout,0.0,,,1.0,0.992181,WT,1.0,0.992181,-0.0113,0.05,unchanged,increased,False,Flowering_Time,1,easy,1,True,10,"{'doi': '10.1093/jxb/ert487', 'title': 'The time of day effects of warm temperature on flowering time involve PIF4 and PIF5', 'authors': 'Thines et al.', 'year': None, 'journal': '', 'evidence_sentence': 'pif4-2 mutant had significantly delayed flowering when warm temperature cues were present in the context of WD, WN, and CW; approximately 1.5-fold more leaves at flowering compared with WT'}"
T145,PIF4 PIF5 (PIF4-2 PIF5-3),knockout,0.0,,,1.0,0.992181,WT,1.0,0.992181,-0.0113,0.05,unchanged,increased,False,Flowering_Time,1,easy,1,True,10,"{'doi': '10.1093/jxb/ert487', 'title': 'The time of day effects of warm temperature on flowering time involve PIF4 and PIF5', 'authors': 'Thines et al.', 'year': None, 'journal': '', 'evidence_sentence': 'pif4-2 pif5-3 double mutant flowered significantly later than WT in control conditions generating on average eight more leaves; under CW nearly three times more leaves than WT; peak FT transcript levels reached only 20% of WT in warm night'}"
T146,PIF5 (PIF5-3),knockout,0.5,,,1.0,0.998989,WT,1.0,0.998989,-0.0015,0.05,unchanged,increased,False,Flowering_Time,1,easy,1,True,5,"{'doi': '10.1093/jxb/ert487', 'title': 'The time of day effects of warm temperature on flowering time involve PIF4 and PIF5', 'authors': 'Thines et al.', 'year': None, 'journal': '', 'evidence_sentence': 'pif5-3 plants exposed to 28C had the same general trend for flowering time as the pif4-2 mutant; similar leaf number increases in WN/WD and CW'}"
T147,PKL,knockout,0.0,FLC,0.5,1.0,0.998989,mutant,0.992181,1.006862,0.0099,0.05,unchanged,increased,False,Flowering_Time,2,medium,1,True,5,"{'doi': '10.1016/j.xplc.2023.100552', 'title': 'Photoperiodic flowering in Arabidopsis: Multilayered regulatory mechanisms of CONSTANS and the florigen FLOWERING LOCUS T', 'authors': 'Hiroshi Takagi, Andrew K Hempton, Takato Imaizumi', 'year': 2023, 'journal': 'Plant Communications', 'evidence_sentence': 'CO requires PICKLE for its transcriptional activity on FT promoter; pkl mutants flower late'}"
T148,PNY,knockout,0.5,,,1.0,1.999808,WT,1.0,1.999808,0.9999,0.05,increased,increased,True,Flowering_Time,1,easy,1,True,24,"{'doi': '10.3389/fpls.2022.852047', 'title': 'The flowering transition pathways converge into a complex gene regulatory network', 'authors': 'Garcia-Gomez et al.', 'year': 2022, 'journal': '', 'evidence_sentence': 'pny pnf double mutant does not develop flowers.'}"
T151,PRR5,knockout,1.5,,,1.0,0.666853,WT,1.0,0.666853,-0.5846,0.05,decreased,increased,False,Flowering_Time,1,easy,1,True,21,"{'doi': '10.1016/j.xplc.2023.100552', 'title': 'Photoperiodic flowering in Arabidopsis: Multilayered regulatory mechanisms of CONSTANS and the florigen FLOWERING LOCUS T', 'authors': 'Hiroshi Takagi, Andrew K Hempton, Takato Imaizumi', 'year': 2023, 'journal': 'Plant Communications', 'evidence_sentence': 'PRR5 directly stabilizes CO proteins; loss leads to reduced CO accumulation and late flowering'}"
T152,PRR7,knockout,1.5,,,1.0,0.666853,WT,1.0,0.666853,-0.5846,0.05,decreased,increased,False,Flowering_Time,1,easy,1,True,21,"{'doi': '10.1016/j.xplc.2023.100552', 'title': 'Photoperiodic flowering in Arabidopsis: Multilayered regulatory mechanisms of CONSTANS and the florigen FLOWERING LOCUS T', 'authors': 'Hiroshi Takagi, Andrew K Hempton, Takato Imaizumi', 'year': 2023, 'journal': 'Plant Communications', 'evidence_sentence': 'PRR7 directly stabilizes CO proteins; loss leads to late flowering'}"
T153,PRR9,knockout,1.5,,,1.0,0.666853,WT,1.0,0.666853,-0.5846,0.05,decreased,increased,False,Flowering_Time,1,easy,1,True,21,"{'doi': '10.1016/j.xplc.2023.100552', 'title': 'Photoperiodic flowering in Arabidopsis: Multilayered regulatory mechanisms of CONSTANS and the florigen FLOWERING LOCUS T', 'authors': 'Hiroshi Takagi, Andrew K Hempton, Takato Imaizumi', 'year': 2023, 'journal': 'Plant Communications', 'evidence_sentence': 'PRR9 contributes to CO accumulation in the morning; loss leads to late flowering'}"
T154,"PRR9,PRR7,PRR5",triple_knockout,2.0,,,1.0,0.500195,WT,1.0,0.500195,-0.9994,0.05,decreased,increased,False,Flowering_Time,1,easy,1,True,22,"{'doi': '10.1093/pcp/pci056', 'title': 'PSEUDO-RESPONSE REGULATORS, PRR9, PRR7 and PRR5, together play essential roles close to the circadian clock', 'authors': 'Nakamichi et al. 2005', 'year': None, 'journal': '', 'evidence_sentence': 'prr9 prr7 prr5 triple mutant shows severe late flowering that was no longer sensitive to photoperiodicity; arrhythmia in continuous light'}"
T156,RGA,knockout,0.8,,,1.0,0.9998,WT,1.0,0.9998,-0.0003,0.05,unchanged,decreased,False,Flowering_Time,1,easy,1,True,2,"{'doi': '10.1073/pnas.0610717104', 'title': 'Ethylene controls floral transition via DELLA-dependent regulation', 'authors': 'Achard et al.', 'year': 2007, 'journal': '', 'evidence_sentence': 'rga gai double mutants partially suppress ethylene-mediated flowering delay; DELLA loss promotes flowering.'}"
T157,"RGA (GAI-1, GA-INSENSITIVE DELLA)",overexpression,2.0,,,1.0,1.001012,WT,1.0,1.001012,0.0015,0.05,unchanged,increased,False,Flowering_Time,1,easy,1,True,5,"{'doi': '10.1105/tpc.116.tt0916', 'title': 'The DELLA-CONSTANS Transcription Factor Cascade Integrates Gibberellic Acid and Photoperiod Signaling to Regulate Flowering', 'authors': 'Xu et al.', 'year': None, 'journal': '', 'evidence_sentence': 'A gain-of-function mutation in GAI repressed the earlier flowering phenotype of CO-overexpressing plants; FT expression reduced in the double transgenic'}"
T158,RGA GAI (IN GA1-3 BACKGROUND),knockout,0.0,,,1.0,0.992181,WT,1.0,0.992181,-0.0113,0.05,unchanged,decreased,False,Flowering_Time,1,easy,1,True,10,"{'doi': '10.1242/dev.00292', 'title': 'Gibberellin regulates Arabidopsis floral development via suppression of DELLA protein function', 'authors': 'Cheng et al.', 'year': None, 'journal': '', 'evidence_sentence': 'The introduction of rga gai loss-of-function alleles suppressed the nonflowering phenotype of ga1 mutants so that the triple mutant flowered slightly earlier than wild type under short days'}"
T159,RGAD17 (PROFD:RGAD17),overexpression,2.0,,,1.0,1.001012,WT,1.0,1.001012,0.0015,0.05,unchanged,increased,False,Flowering_Time,1,easy,1,True,5,"{'doi': '10.1105/tpc.112.100867', 'title': 'Gibberellin Regulates the Arabidopsis Floral Transition through miR156-Targeted SQUAMOSA PROMOTER BINDING-LIKE Transcription Factors', 'authors': 'Yu et al.', 'year': None, 'journal': '', 'evidence_sentence': 'ProFD:RGAd17 showed >20 leaves under LD with reduced FUL/SOC1 at apex; demonstrates RGA apex-level MADS box repression'}"
T160,RGAD17 (PRORGA:RGAD17),overexpression,2.0,,,1.0,1.001012,WT,1.0,1.001012,0.0015,0.05,unchanged,increased,False,Flowering_Time,1,easy,1,True,5,"{'doi': '10.1105/tpc.112.100867', 'title': 'Gibberellin Regulates the Arabidopsis Floral Transition through miR156-Targeted SQUAMOSA PROMOTER BINDING-LIKE Transcription Factors', 'authors': 'Yu et al.', 'year': None, 'journal': '', 'evidence_sentence': 'ProRGA:RGAd17 showed >20 leaves at bolting under LD (vs ~12 wild-type); under SD severe flowering delay with some lines never flowering'}"
T161,RGAD17 (PROSUC2:RGAD17),overexpression,2.0,,,1.0,1.001012,WT,1.0,1.001012,0.0015,0.05,unchanged,increased,False,Flowering_Time,1,easy,1,True,5,"{'doi': '10.1105/tpc.112.100867', 'title': 'Gibberellin Regulates the Arabidopsis Floral Transition through miR156-Targeted SQUAMOSA PROMOTER BINDING-LIKE Transcription Factors', 'authors': 'Yu et al.', 'year': None, 'journal': '', 'evidence_sentence': 'ProSUC2:RGAd17 showed >20 leaves under LD with reduced FT expression in leaves; demonstrates RGA leaf-level repression of FT'}"
T162,RGL1,overexpression,2.0,,,1.0,1.001012,WT,1.0,1.001012,0.0015,0.05,unchanged,increased,False,Flowering_Time,1,easy,1,True,5,"{'doi': '10.1105/tpc.116.tt0916', 'title': 'The DELLA-CONSTANS Transcription Factor Cascade Integrates Gibberellic Acid and Photoperiod Signaling to Regulate Flowering', 'authors': 'Xu et al.', 'year': None, 'journal': '', 'evidence_sentence': '35S:RGL1 overexpression caused slightly delayed flowering'}"
T164,SDG26,knockout,0.5,,,1.0,0.998989,WT,1.0,0.998989,-0.0015,0.05,unchanged,increased,False,Flowering_Time,1,easy,1,True,5,"{'doi': '10.1016/j.bbagrm.2016.01.004', 'title': 'Interplay of the histone methyltransferases SDG8 and SDG26 in the regulation of transcription and plant flowering and development', 'authors': 'Li, Liu, Cheng, Shan, Wan, Serre, He, Berr', 'year': None, 'journal': '', 'evidence_sentence': 'Loss-of-function sdg26 mutants show a late-flowering phenotype with increased FLC and MAF5 expression and reduced FT and SOC1 expression'}"
T166,SEF,knockout,0.7,,,1.0,0.999589,WT,1.0,0.999589,-0.0006,0.05,unchanged,decreased,False,Flowering_Time,1,easy,1,True,3,"{'doi': '10.1104/pp.106.092270', 'title': 'SEF, a New Protein Required for Flowering Repression in Arabidopsis, Interacts with PIE1 and ARP6', 'authors': 'March-Diaz, Garcia-Dominguez, Florencio, Reyes', 'year': None, 'journal': '', 'evidence_sentence': 'sef plants flowered in LD with approximately six leaves, while wild-type plants flowered with about 12 leaves'}"
T167,SMZ,knockout,0.0,,,1.0,9.999797,WT,1.0,9.999797,3.3219,0.05,increased,decreased,False,Flowering_Time,1,easy,1,True,30,"{'doi': '10.1016/B978-0-12-417162-6.00001-8', 'title': 'Photoperiodic flowering regulation in Arabidopsis thaliana', 'authors': 'Greg S Golembeski, Hannah A Kinmonth-Schultz, Young Hun Song, Takato Imaizumi', 'year': 2014, 'journal': 'Advances in Botanical Research', 'evidence_sentence': 'SMZ represses FT; loss of SMZ increases FT expression leading to early flowering'}"
T168,SMZ,overexpression,2.0,,,1.0,0.500195,WT,1.0,0.500195,-0.9994,0.05,decreased,increased,False,Flowering_Time,1,easy,1,True,22,"{'doi': '10.1093/jxb/erx422', 'title': 'SMZ/SNZ and gibberellin signaling are required for nitrate-elicited delay of flowering time', 'authors': 'Olas et al.', 'year': 2018, 'journal': '', 'evidence_sentence': 'SMZ overexpression represses FT and delays flowering.'}"
T169,SOC1,knockout,0.0,,,1.0,0.992181,WT,1.0,0.992181,-0.0113,0.05,unchanged,increased,False,Flowering_Time,1,easy,1,True,10,"{'doi': '10.1104/pp.112.202614', 'title': ""Characterization of SOC1's Central Role in Flowering by the Identification of Its Upstream and Downstream Regulators"", 'authors': 'Immink et al. 2012', 'year': None, 'journal': '', 'evidence_sentence': 'soc1-2 mutant produced 19.0 +/- 0.5 rosette leaves under LD vs 12 +/- 0.5 for wild-type Col-0 (late flowering by ~7 leaves)'}"
T170,SOC1,overexpression,2.0,,,1.0,1.001012,WT,1.0,1.001012,0.0015,0.05,unchanged,decreased,False,Flowering_Time,1,easy,1,True,5,"{'doi': '10.1242/dev.020255', 'title': 'Direct interaction of AGL24 and SOC1 integrates flowering signals in Arabidopsis', 'authors': 'Liu et al. 2008', 'year': None, 'journal': '', 'evidence_sentence': '35S:SOC1 plants flower with ~9.6 +/- 0.5 rosette leaves vs ~10.3 +/- 0.5 for wild-type (early flowering)'}"
T171,"SOC1,AGL24",double_knockout,0.0,,,1.0,0.984193,WT,1.0,0.984193,-0.023,0.05,unchanged,increased,False,Flowering_Time,2,medium,1,True,12,"{'doi': '10.1371/journal.pone.0116973', 'title': 'A Quantitative and Dynamic Model of the Arabidopsis Flowering Time Gene Regulatory Network', 'authors': 'Leal Valentim et al. 2015', 'year': None, 'journal': '', 'evidence_sentence': 'soc1/agl24 double mutant shows very late flowering with additive effect; 80% reduction in LFY expression vs 65% for single soc1'}"
T174,SPL2 SPL9 SPL15,knockout,0.5,,,1.0,0.998989,WT,1.0,0.998989,-0.0015,0.05,unchanged,increased,False,Flowering_Time,1,easy,1,True,5,"{'doi': '10.1007/s11103-008-9310-z', 'title': 'The microRNA regulated SBP-box genes SPL9 and SPL15 control shoot maturation in Arabidopsis', 'authors': 'Schwarz et al.', 'year': None, 'journal': '', 'evidence_sentence': 'Triple mutant produced on average 17.3 +/- 2.1 rosette leaves compared to Col-0 wild-type 12.9 +/- 1.7; approaching MIR156b overexpressor phenotype of 22.5 +/- 3.5'}"
T175,SPL3,overexpression,2.0,,,1.0,1.001012,WT,1.0,1.001012,0.0015,0.05,unchanged,decreased,False,Flowering_Time,1,easy,1,True,5,"{'doi': '10.3389/fpls.2022.852047', 'title': 'The flowering transition pathways converge into a complex gene regulatory network', 'authors': 'Garcia-Gomez et al.', 'year': 2022, 'journal': '', 'evidence_sentence': 'SPL3 overexpressor plants transit faster to adult phase and flower early.'}"
T176,"SPL3 (RSPL3, MIR156-RESISTANT)",overexpression,2.0,,,1.0,1.001012,WT,1.0,1.001012,0.0015,0.05,unchanged,decreased,False,Flowering_Time,1,easy,1,True,5,"{'doi': '10.1242/dev.033647', 'title': 'The microRNA regulated SBP-box transcription factor SPL3 is a direct upstream activator of LEAFY, FRUITFULL, and APETALA1', 'authors': 'Yamaguchi et al.', 'year': None, 'journal': '', 'evidence_sentence': 'Constitutive overexpression of miR156-resistant SPL3 results in early flowering; accelerated abaxial trichome production by 1.5 plastochrons'}"
T177,SPL9,knockout,0.5,,,1.0,0.998989,WT,1.0,0.998989,-0.0015,0.05,unchanged,increased,False,Flowering_Time,1,easy,1,True,5,"{'doi': '10.3389/fpls.2022.852047', 'title': 'The flowering transition pathways converge into a complex gene regulatory network', 'authors': 'Garcia-Gomez et al.', 'year': 2022, 'journal': '', 'evidence_sentence': 'spl9 spl15 double mutant has prolonged juvenile phase and delayed flowering.'}"
T178,SPL9,overexpression,2.0,,,1.0,1.001012,WT,1.0,1.001012,0.0015,0.05,unchanged,decreased,False,Flowering_Time,1,easy,1,True,5,"{'doi': '10.3389/fpls.2022.852047', 'title': 'The flowering transition pathways converge into a complex gene regulatory network', 'authors': 'Garcia-Gomez et al.', 'year': 2022, 'journal': '', 'evidence_sentence': 'SPL9 overexpressors show adult traits appearing earlier and early flowering.'}"
T179,"SPL9 (RSPL9, MIR156-RESISTANT)",overexpression,2.0,,,1.0,1.001012,WT,1.0,1.001012,0.0015,0.05,unchanged,decreased,False,Flowering_Time,1,easy,1,True,5,"{'doi': '10.1016/j.cell.2009.06.014', 'title': 'The sequential action of miR156 and miR172 regulates developmental timing in Arabidopsis', 'authors': 'Wu et al.', 'year': 2009, 'journal': '', 'evidence_sentence': 'pSPL9::rSPL9 accelerated the expression of all adult-specific leaf traits; increased SOC1 and MIR172b expression; earlier flowering than wild type'}"
T180,SPL9 SPL15,knockout,0.5,,,1.0,0.998989,WT,1.0,0.998989,-0.0015,0.05,unchanged,increased,False,Flowering_Time,1,easy,1,True,5,"{'doi': '10.1007/s11103-008-9310-z', 'title': 'The microRNA regulated SBP-box genes SPL9 and SPL15 control shoot maturation in Arabidopsis', 'authors': 'Schwarz et al.', 'year': None, 'journal': '', 'evidence_sentence': 'spl9 spl15 double mutant: 19.5 +/- 1.4 rosette leaves vs wild-type 13.1 +/- 1.1; juvenile leaves 10.9 +/- 0.8 vs wild-type 5.5 +/- 1.2'}"
T181,SPY,knockout,0.0,,,1.0,0.992181,WT,1.0,0.992181,-0.0113,0.05,unchanged,decreased,False,Flowering_Time,1,easy,1,True,10,"{'doi': '10.3389/fpls.2022.852047', 'title': 'The flowering transition pathways converge into a complex gene regulatory network', 'authors': 'Garcia-Gomez et al.', 'year': 2022, 'journal': '', 'evidence_sentence': 'spy plants are early flowering with adult leaves appearing earlier (constitutive GA response).'}"
T183,SUF4,knockout,0.5,,,1.0,0.998989,WT,1.0,0.998989,-0.0015,0.05,unchanged,decreased,False,Flowering_Time,1,easy,1,True,5,"{'doi': '10.1105/tpc.110.075911', 'title': 'The FRIGIDA Complex Activates Transcription of FLC, a Strong Flowering Repressor in Arabidopsis, by Recruiting Chromatin Modification Factors', 'authors': 'Choi K, Kim J, Hwang HJ, Kim S, Park C, Kim SY, Lee I', 'year': 2011, 'journal': '', 'evidence_sentence': 'suf4 mutations show an early flowering phenotype'}"
T184,SVP,knockout,0.0,,,1.0,0.992181,WT,1.0,0.992181,-0.0113,0.05,unchanged,decreased,False,Flowering_Time,1,easy,1,True,10,"{'doi': '10.1016/j.xplc.2023.100552', 'title': 'Photoperiodic flowering in Arabidopsis: Multilayered regulatory mechanisms of CONSTANS and the florigen FLOWERING LOCUS T', 'authors': 'Hiroshi Takagi, Andrew K Hempton, Takato Imaizumi', 'year': 2023, 'journal': 'Plant Communications', 'evidence_sentence': 'svp single mutation enhances FT expression in morning; SVP is a floral repressor'}"
T185,SVP,overexpression,2.0,,,1.0,1.001012,WT,1.0,1.001012,0.0015,0.05,unchanged,increased,False,Flowering_Time,1,easy,1,True,5,"{'doi': '10.1105/tpc.106.048397', 'title': 'Role of SVP in the control of flowering time by ambient temperature in Arabidopsis', 'authors': 'Lee et al.', 'year': None, 'journal': '', 'evidence_sentence': 'SVP overexpressor plants were late flowering, especially at 23C, suggesting that overexpression of SVP can mimic the effect of low temperature; reduced FT expression responsible for this late flowering'}"
T186,"SVP (SVP-31, SVP-32)",knockout,0.0,,,1.0,0.992181,WT,1.0,0.992181,-0.0113,0.05,unchanged,decreased,False,Flowering_Time,1,easy,1,True,10,"{'doi': '10.1105/tpc.106.048397', 'title': 'Role of SVP in the control of flowering time by ambient temperature in Arabidopsis', 'authors': 'Lee et al.', 'year': None, 'journal': '', 'evidence_sentence': 'svp-31 and svp-32 mutants manifested almost identical flowering times at 23C and 16C; svp mutants were early flowering especially at 16C; FT expression substantially elevated in svp-32 at both temperatures'}"
T188,TEM1,knockout,0.0,,,1.0,9.999797,WT,1.0,9.999797,3.3219,0.05,increased,decreased,False,Flowering_Time,1,easy,1,True,30,"{'doi': '10.1199/tab.0178', 'title': 'Photoperiodic Regulation of Florigen Function in Arabidopsis thaliana', 'authors': 'Greg S Golembeski, Takato Imaizumi', 'year': 2015, 'journal': 'The Arabidopsis Book', 'evidence_sentence': 'TEM1 represents a brake on the activity of CO activation; tem1 mutants flower early'}"
T189,TEM1,overexpression,2.0,,,1.0,0.500195,WT,1.0,0.500195,-0.9994,0.05,decreased,increased,False,Flowering_Time,1,easy,1,True,22,"{'doi': '10.1073/pnas.2103895118', 'title': 'TEM1 combinatorially binds to FLOWERING LOCUS T', 'authors': 'Castillejo & Pelaz', 'year': 2021, 'journal': '', 'evidence_sentence': 'TEM1 overexpression delays flowering through FT repression and GA biosynthesis inhibition.'}"
T190,TEM2,knockout,0.5,,,1.0,1.999808,WT,1.0,1.999808,0.9999,0.05,increased,decreased,False,Flowering_Time,1,easy,1,True,24,"{'doi': '10.1199/tab.0178', 'title': 'Photoperiodic Regulation of Florigen Function in Arabidopsis thaliana', 'authors': 'Greg S Golembeski, Takato Imaizumi', 'year': 2015, 'journal': 'The Arabidopsis Book', 'evidence_sentence': 'TEM2 represents a brake on the activity of CO activation; tem2 mutants flower early'}"
T191,TFL1,knockout,0.0,,,1.0,9.999797,WT,1.0,9.999797,3.3219,0.05,increased,decreased,False,Flowering_Time,1,easy,1,True,30,"{'doi': '10.1199/tab.0178', 'title': 'Photoperiodic Regulation of Florigen Function in Arabidopsis thaliana', 'authors': 'Greg S Golembeski, Takato Imaizumi', 'year': 2015, 'journal': 'The Arabidopsis Book', 'evidence_sentence': 'TFL1 acts antagonistically to FT protein; tfl1 mutants flower early'}"
T192,TFL1,overexpression,2.0,,,1.0,0.500195,WT,1.0,0.500195,-0.9994,0.05,decreased,increased,False,Flowering_Time,1,easy,1,True,22,"{'doi': '10.3389/fpls.2022.852047', 'title': 'The flowering transition pathways converge into a complex gene regulatory network', 'authors': 'Garcia-Gomez et al.', 'year': 2022, 'journal': '', 'evidence_sentence': '35S::TFL1 shows partial or no terminal flower phenotype, extended vegetative growth.'}"
T193,"TFL1,FD",double_knockout,0.0,,,1.0,9.999797,WT,1.0,9.999797,3.3219,0.05,increased,increased,True,Flowering_Time,2,medium,1,True,30,"{'doi': '10.1242/dev.202089', 'title': 'Two modes of gene regulation by TFL1 mediate its dual function in flowering time and shoot determinacy', 'authors': 'Cerise et al. 2023', 'year': None, 'journal': '', 'evidence_sentence': 'tfl1-18 fd-3 largely suppresses early flowering of tfl1; absence of FD sufficient to downregulate expression of almost all Cluster 2 and 3 genes. FD is epistatic to TFL1 for vegetative phase'}"
T194,TOC1,knockout,2.0,,,1.0,0.500195,WT,1.0,0.500195,-0.9994,0.05,decreased,decreased,True,Flowering_Time,1,easy,1,True,22,"{'doi': '10.1016/B978-0-12-417162-6.00001-8', 'title': 'Photoperiodic flowering regulation in Arabidopsis thaliana', 'authors': 'Greg S Golembeski, Hannah A Kinmonth-Schultz, Young Hun Song, Takato Imaizumi', 'year': 2014, 'journal': 'Advances in Botanical Research', 'evidence_sentence': 'toc1-1 mutants have shortened circadian period and show early flowering'}"
T195,TOE1,knockout,0.0,,,1.0,9.999797,WT,1.0,9.999797,3.3219,0.05,increased,decreased,False,Flowering_Time,1,easy,1,True,30,"{'doi': '10.1016/j.xplc.2023.100552', 'title': 'Photoperiodic flowering in Arabidopsis: Multilayered regulatory mechanisms of CONSTANS and the florigen FLOWERING LOCUS T', 'authors': 'Hiroshi Takagi, Andrew K Hempton, Takato Imaizumi', 'year': 2023, 'journal': 'Plant Communications', 'evidence_sentence': 'TOE proteins compete with FKF1 for CO; loss causes early flowering'}"
T196,TOE1,overexpression,2.0,,,1.0,0.500195,WT,1.0,0.500195,-0.9994,0.05,decreased,increased,False,Flowering_Time,1,easy,1,True,22,"{'doi': '10.1016/j.cell.2009.06.014', 'title': 'The sequential action of miR156 and miR172 regulates developmental timing in Arabidopsis', 'authors': 'Wu et al.', 'year': 2009, 'journal': '', 'evidence_sentence': 'Constitutive expression of TOE1 delayed abaxial trichome production by 4 plastochrons and caused the leaf blade to become slightly rounder'}"
T197,TOE1 TOE2,knockout,0.0,,,1.0,9.999797,WT,1.0,9.999797,3.3219,0.05,increased,decreased,False,Flowering_Time,1,easy,1,True,30,"{'doi': '10.1016/j.cell.2009.06.014', 'title': 'The sequential action of miR156 and miR172 regulates developmental timing in Arabidopsis', 'authors': 'Wu et al.', 'year': 2009, 'journal': '', 'evidence_sentence': 'Abaxial trichome production was accelerated by 1.6 plastochrons in toe1 toe2 double mutants; toe1 toe2 nearly completely rescued the abaxial trichome phenotype of 35S::miR156a'}"
T198,TOE1 TOE2 (SMZ SNZ),knockout,0.0,,,1.0,9.999797,WT,1.0,9.999797,3.3219,0.05,increased,decreased,False,Flowering_Time,1,easy,1,True,30,"{'doi': '10.1101/gad.261229.115', 'title': 'Arabidopsis TOE proteins convey a photoperiodic signal to antagonize CONSTANS and regulate flowering time', 'authors': 'Zhang et al.', 'year': None, 'journal': '', 'evidence_sentence': 'A quadruple smz snz toe1 toe2 mutant flowered earlier than any single or double mutant; they act redundantly to delay flowering specifically under LD conditions'}"
T199,TOE2,knockout,0.5,,,1.0,1.999808,WT,1.0,1.999808,0.9999,0.05,increased,decreased,False,Flowering_Time,1,easy,1,True,24,"{'doi': '10.1016/j.xplc.2023.100552', 'title': 'Photoperiodic flowering in Arabidopsis: Multilayered regulatory mechanisms of CONSTANS and the florigen FLOWERING LOCUS T', 'authors': 'Hiroshi Takagi, Andrew K Hempton, Takato Imaizumi', 'year': 2023, 'journal': 'Plant Communications', 'evidence_sentence': 'TOE2 competes with FKF1 for CO; loss causes early flowering'}"
T201,TSF,knockout,0.0,,,1.0,0.992181,WT,1.0,0.992181,-0.0113,0.05,unchanged,increased,False,Flowering_Time,1,easy,1,True,10,"{'doi': '10.1104/pp.108.122606', 'title': 'Regulation of CONSTANS and FLOWERING LOCUS T Expression in Response to Changing Light Quality', 'authors': 'Sang Yeol Kim, Xuhong Yu, Scott D Michaels', 'year': 2008, 'journal': 'Plant Physiology', 'evidence_sentence': 'tsf mutants show strongly delayed flowering under short-day conditions but the effect is very limited under long-day conditions'}"
T202,TSF,overexpression,2.0,,,1.0,1.001012,WT,1.0,1.001012,0.0015,0.05,unchanged,decreased,False,Flowering_Time,1,easy,1,True,5,"{'doi': '10.1093/pcp/pci151', 'title': 'TWIN SISTER OF FT (TSF) Acts as a Floral Pathway Integrator Redundantly with FT', 'authors': 'Yamaguchi et al. 2005', 'year': 2005, 'journal': '', 'evidence_sentence': 'Overexpression of TSF leads to extremely early flowering, precocious flowering phenotype independent of photoperiods, CO, or FLC'}"
T208,"VOZ1,VOZ2",knockout,0.5,,,1.0,0.998989,WT,1.0,0.998989,-0.0015,0.05,unchanged,increased,False,Flowering_Time,1,easy,1,True,5,"{'doi': '10.1016/j.xplc.2023.100552', 'title': 'Photoperiodic flowering in Arabidopsis: Multilayered regulatory mechanisms of CONSTANS and the florigen FLOWERING LOCUS T', 'authors': 'Hiroshi Takagi, Andrew K Hempton, Takato Imaizumi', 'year': 2023, 'journal': 'Plant Communications', 'evidence_sentence': 'voz1 voz2 double mutants show late-flowering phenotype; have elevated expression of FLC'}"
T209,VRN1,knockout,0.0,FLC,0.5,1.0,0.998989,mutant,0.992181,1.006862,0.0099,0.05,unchanged,increased,False,Flowering_Time,2,medium,1,True,5,"{'doi': '10.1126/science.1075758', 'title': 'Multiple roles of VRN1 in vernalization and flowering time control', 'authors': 'Levy et al.', 'year': 2002, 'journal': '', 'evidence_sentence': 'vrn1 mutants fail to maintain FLC silencing after vernalization.'}"
T210,VRN2,knockout,0.86,,,1.0,0.999921,WT,1.0,0.999921,-0.0001,0.05,unchanged,increased,False,Flowering_Time,1,easy,1,True,1,"{'doi': '10.1073/pnas.0606385103', 'title': 'The Arabidopsis thaliana vernalization response requires a polycomb-like protein complex that also includes VERNALIZATION INSENSITIVE 3', 'authors': 'Wood CC, Robertson M, Tanner G, Peacock WJ, Dennis ES, Helliwell CA', 'year': 2006, 'journal': '', 'evidence_sentence': 'vrn2 mutant plants flowering time is later than wild type; increased FLC expression in nonvernalized vrn2 seedlings'}"
T214,ZTL,knockout,2.0,,,1.0,0.500195,WT,1.0,0.500195,-0.9994,0.05,decreased,decreased,True,Flowering_Time,1,easy,1,True,22,"{'doi': '10.1073/pnas.1415375111', 'title': 'Distinct roles of FKF1, GIGANTEA, and ZEITLUPE proteins in the regulation of CONSTANS stability in Arabidopsis photoperiodic flowering', 'authors': 'Young Hun Song, Daniel A Estrada, Richard S Johnson, Somi K Kim, Sang Yeol Lee, Michael J MacCoss, Takato Imaizumi', 'year': 2014, 'journal': 'PNAS', 'evidence_sentence': 'A ztl mutant flowers early in short day (SD) conditions'}"
T215,ZTL,overexpression,0.5,,,1.0,1.999808,WT,1.0,1.999808,0.9999,0.05,increased,increased,True,Flowering_Time,1,easy,1,True,24,"{'doi': '10.1073/pnas.1415375111', 'title': 'Distinct roles of FKF1, GIGANTEA, and ZEITLUPE proteins in the regulation of CONSTANS stability in Arabidopsis photoperiodic flowering', 'authors': 'Young Hun Song, Daniel A Estrada, Richard S Johnson, Somi K Kim, Sang Yeol Lee, Michael J MacCoss, Takato Imaizumi', 'year': 2014, 'journal': 'PNAS', 'evidence_sentence': 'ZTL overexpression causes a delayed flowering concomitantly with drastic decrease in FT'}"
T216,miR156,overexpression,2.0,,,1.0,0.500195,WT,1.0,0.500195,-0.9994,0.05,decreased,increased,False,Flowering_Time,1,easy,1,True,22,"{'doi': '10.1016/j.cell.2009.06.014', 'title': 'The sequential action of miR156 and miR172 regulates developmental timing in Arabidopsis', 'authors': 'Wu et al.', 'year': 2009, 'journal': '', 'evidence_sentence': 'Plants expressing miR156a under 35S promoter produced approximately 90 leaves resembling juvenile leaves; half the normal amount of miR172'}"
T217,miR156 (Pro35S:MIR156) in GA treatment,overexpression,2.0,GA,1.0,1.0,0.500804,mutant,0.500195,1.001216,0.0018,0.05,unchanged,increased,False,Flowering_Time,2,medium,1,True,22,"{'doi': '10.1105/tpc.112.100867', 'title': 'Gibberellin Regulates the Arabidopsis Floral Transition through miR156-Targeted SQUAMOSA PROMOTER BINDING-LIKE Transcription Factors', 'authors': 'Yu et al.', 'year': None, 'journal': '', 'evidence_sentence': 'Pro35S:MIR156 showed only 4.4% reduction in days to flowering with GA3 treatment vs 19% in wild type; SOC1/FUL expression remains low despite GA3 treatment'}"
T219,miR172,overexpression,2.0,,,1.0,1.001012,WT,1.0,1.001012,0.0015,0.05,unchanged,decreased,False,Flowering_Time,1,easy,1,True,5,"{'doi': '10.1016/j.cell.2009.06.014', 'title': 'The sequential action of miR156 and miR172 regulates developmental timing in Arabidopsis', 'authors': 'Wu et al.', 'year': 2009, 'journal': '', 'evidence_sentence': 'Plants expressing 35S::miR172b produced abaxial trichomes two plastochrons earlier than normal; overexpression of miR172 causes extremely early flowering under both SD and LD'}"
T220,miR399,overexpression,0.5,,,1.0,1.999808,WT,1.0,1.999808,0.9999,0.05,increased,decreased,False,Flowering_Time,1,easy,1,True,24,"{'doi': '10.1007/s10059-011-1043-1', 'title': 'The role of the miR399-PHO2 module in the regulation of flowering time', 'authors': 'Kim et al.', 'year': 2011, 'journal': '', 'evidence_sentence': 'miR399b-overexpressing plants flower early at 23C due to increased TSF expression.'}"
