source,source_type,target,target_type,effect,edge_type,confidence,mechanism,doi,paper_title,authors,year,journal,evidence_sentence,verification,species_validated
BRC1,GENE,Shoot_Branching,PHENOTYPE,,,,,,,,,,"BRC1 is expressed in developing buds, where it arrests bud development.",,
Auxin,HORMONE,BRC1,GENE,,,,,,,,,,Mutant and expression analyses suggest that BRC1 is downstream of the MORE AXILLARY GROWTH pathway and that it is required for auxin-induced apical dominance.,,
MAX_Pathway,GENE,BRC1,GENE,,,,,,,,,,Mutant and expression analyses suggest that BRC1 is downstream of the MORE AXILLARY GROWTH pathway,,
Planting_Density,HORMONE,BRC1,GENE,,,,,,,,,,"At high density, BRC1 mRNA levels were more than double those at low density",,
Decapitation,ENVIRONMENT,BRC1,GENE,,,,,,,,,,BRC1 was downregulated significantly in decapitated plants at 1 h after decapitation,,
LAS,GENE,BRC1,GENE,,,,,,,,,,suggest that BRC1 acts after LAS and IFL1.,,
IFL1,GENE,BRC1,GENE,,,,,,,,,,suggest that BRC1 acts after LAS and IFL1.,,
D27,GENE,CCD7,GENE,,,,,,,,,,"D27 is a b-carotene isomerase that converts all-trans-b-carotene into 9-cis-b-carotene, which is cleaved by CCD7",,
CCD7,GENE,CCD8,GENE,,,,,,,,,,all-trans-b-apo-10´-carotenal (C27) that is then further shortened by AtCCD8,,
CCD8,GENE,Strigolactone,HORMONE,,,,,,,,,,CCD8 incorporates three oxygens into 9-cis-b-apo-10′-carotenal and performs molecular rearrangement... producing carlactone,,
Strigolactone,HORMONE,Shoot_Branching,PHENOTYPE,,,,,,,,,,"In plants, strigolactones inhibit tillering and shoot branching.",,
Strigolactone,HORMONE,Shoot_Branching,PHENOTYPE,,,,,,,,,,"strigolactones, a group of terpenoid lactones, act as a new hormone class, or its biosynthetic precursors, in inhibiting shoot branching.",,
MAX1,GENE,Strigolactone,HORMONE,,,,,,,,,,"MAX1, MAX3 and MAX4 were predicted to be involved in the production of the hormone",,
MAX3,GENE,Strigolactone,HORMONE,,,,,,,,,,"MAX1, MAX3 and MAX4 were predicted to be involved in the production of the hormone",,
MAX4,GENE,Strigolactone,HORMONE,,,,,,,,,,"MAX1, MAX3 and MAX4 were predicted to be involved in the production of the hormone",,
MAX2,GENE,Shoot_Branching,PHENOTYPE,,,,,,,,,,MAX2 was predicted to play a role in its perception or signaling,,
Sucrose,METABOLITE,RhTAR1,GENE,,,,,,,,,,"Sucrose upregulated early auxin synthesis genes (RhTAR1, RhYUC1)",,
Sucrose,METABOLITE,RhYUC1,GENE,,,,,,,,,,"Sucrose upregulated early auxin synthesis genes (RhTAR1, RhYUC1)",,
Sucrose,METABOLITE,RhPIN1,GENE,,,,,,,,,,and the auxin efflux carrier gene RhPIN1,,
Sucrose,METABOLITE,MAX2,GENE,,,,,,,,,,"Sucrose downregulated both RwMAX2, involved in the strigolactone-transduction pathway",,
Sucrose,METABOLITE,BRC1,GENE,,,,,,,,,,"and RhBRC1, a repressor of branching, at an early stage.",,
Auxin,HORMONE,Shoot_Branching,PHENOTYPE,,,,,,,,,,auxin produced by the young apical leaves was suggested to be responsible for the inhibition of lower axillary buds,,
Strigolactone,HORMONE,Shoot_Branching,PHENOTYPE,,,,,,,,,,Strigolactones... act antagonistically on buds by inducing and inhibiting their outgrowth,,
Auxin,HORMONE,Strigolactone,HORMONE,,,,,,,,,,Auxin inhibits bud outgrowth by inducing strigolactone,,
Auxin,HORMONE,Cytokinin,HORMONE,,,,,,,,,,Auxin inhibits bud outgrowth by inducing strigolactone and inhibiting cytokinin,,
Cytokinin,HORMONE,Shoot_Branching,PHENOTYPE,,,,,,,,,,Cytokinin promotes bud outgrowth when supplied exogenously to axillary buds,,
Strigolactone,HORMONE,Shoot_Branching,PHENOTYPE,,,,,,,,,,Strigolactones inhibit shoot branching,,
Sucrose,METABOLITE,BRC1,GENE,,,,,,,,,,"increased availability of sucrose (SUC), which inhibits BRC1/TB1 expression.",,
Cytokinin,HORMONE,BRC1,GENE,,,,,,,,,,Cytokinin negatively regulates BRC1/TB1 expression in both monocots and dicots,,
Strigolactone,HORMONE,BRC1,GENE,,,,,,,,,,whereas strigolactone positively regulates BRC1 expression in dicots.,,
SMXL678,PROTEIN_COMPLEX,BRC1,GENE,,,,,,,,,,"D53/SMXL6/7/8 are available to inhibit transcriptional activation of genes, including BRC1 in dicots.",,
GA,GENE,BRC1,GENE,,,,,,,,,,Gibberellin (GA) inhibits expression of BRC1,,
Low_R_FR,GENE,BRC1,GENE,,,,,,,,,,and low R:FR light promotes BRC1 expression in dicots.,,
TIE1,GENE,BRC1,GENE,,,,,,,,,,TIE1 also interacts with BRC1 at the protein level to inhibit its transcriptional activity,,
FT,GENE,BRC1,GENE,,,,,,,,,,"The FT protein has been demonstrated to interact with BRC1 in axillary buds, resulting in delayed floral transition in the axillary bud.",,
BRC1,GENE,Shoot_Branching,PHENOTYPE,,,,,,,,,,"the transcription factor BRANCHED1 (BRC1), an inhibitor of bud outgrowth [15,17,21].",,
Strigolactone,HORMONE,Bud_Outgrowth,PHENOTYPE,,,,,,,,,,We found that exogenously applied strigolactone inhibited bud outgrowth in pea (Pisum sativum) even when auxin was depleted after decapitation.,,
Auxin,HORMONE,Strigolactone,HORMONE,,,,,,,,,,"Rather, the primary repressor of bud outgrowth appears to be the auxin-dependent production of strigolactones.",,
Auxin,HORMONE,Bud_Outgrowth,PHENOTYPE,,,,,,,,,,The recent discovery of strigolactone as the novel shoot-branching inhibitor allowed us to test its mode of action in relation to these hypotheses.,,
Cytokinin,HORMONE,Bud_Outgrowth,PHENOTYPE,,,,,,,,,,"Cytokinins are a class of phytohormone that promotes cell division, and application of cytokinin to buds can induce outgrowth (Sachs and Thimann, 1967).",,
MAX2,GENE,Bud_Outgrowth,PHENOTYPE,,,,,,,,,,"In contrast, the SMS response mutants, max2, rms4, and d3, were found to be mutated in an orthologous gene encoding an F-box protein",,
BRC1,GENE,Bud_Outgrowth,PHENOTYPE,,,,,,,,,,"Branching in the Arabidopsis branched1/teosinte branched1-like1 (brc1/tbl1) mutant, which is mutated in a gene encoding a TCP transcription factor that is thought to function downstream of auxin and SMS perception (Aguilar-Martı́nez et al., 2008; Finlayson, 2008), was not reduced by GR24",,
MAX1,GENE,Shoot_Branching,PHENOTYPE,,,,,,,,,,Characterization of the max1–max4 mutants of Arabidopsis demonstrates that branching is regulated by at least one carotenoid-derived hormone.,,
MAX2,GENE,Shoot_Branching,PHENOTYPE,,,,,,,,,,This suggests that the MAX2 gene acts in the shoot to inhibit branching.,,
MAX3,GENE,Shoot_Branching,PHENOTYPE,,,,,,,,,,"Mutations at the MAX1–MAX4, RMS1–RMS5, and DAD1–DAD3 loci of Arabidopsis, pea, and petunia, respectively, confer increased shoot branching phenotypes (Stirnberg et al., 2002; Turnbull et al., 2002; Sorefan et al., 2003; Booker et al., 2004; Beveridge, 2000; Beveridge et al., 2003; Napoli, 1996; Snowden and Napoli, 2003).",,
MAX4,GENE,Shoot_Branching,PHENOTYPE,,,,,,,,,,"Mutations at the MAX1–MAX4, RMS1–RMS5, and DAD1–DAD3 loci of Arabidopsis, pea, and petunia, respectively, confer increased shoot branching phenotypes (Stirnberg et al., 2002; Turnbull et al., 2002; Sorefan et al., 2003; Booker et al., 2004; Beveridge, 2000; Beveridge et al., 2003; Napoli, 1996; Snowden and Napoli, 2003).",,
Auxin,HORMONE,Shoot_Branching,PHENOTYPE,,,,,,,,,,"Auxin, derived from the primary shoot apex, is pumped down the plant in the polar transport stream and inhibits the outgrowth of axillary buds.",,
Cytokinin,HORMONE,Shoot_Branching,PHENOTYPE,,,,,,,,,,"Cytokinin synthesized in the roots is transported up the plant in the transpiration stream in the xylem and can act directly in buds to promote their outgrowth (Cline, 1991).",,
Strigolactone,HORMONE,Shoot_Branching,PHENOTYPE,,,,,,,,,,Strigolactones (SLs) are phytohormones that play a central role in regulating shoot branching.,,
D14,GENE,Shoot_Branching,PHENOTYPE,,,,,,,,,,"Like MAX2, D14 is required locally in the aerial part of the plant to suppress shoot branching.",,
MAX2,GENE,Shoot_Branching,PHENOTYPE,,,,,,,,,,"Like MAX2, D14 is required locally in the aerial part of the plant to suppress shoot branching.",,
BRC1,GENE,Shoot_Branching,PHENOTYPE,,,,,,,,,,"BRC1-like genes, expressed inside axillary buds, encode class II TCP (for TEOSINTE BRANCHED1, CYCLOIDEA, and PCF) transcription factors (Martín-Trillo and Cubas, 2010) that delay bud growth and development and promote bud dormancy (Aguilar-Martínez et al., 2007; Finlayson, 2007; Martín-Trillo et al., 2011; Braun et al., 2012; Dun et al., 2012; González-Grandío et al., 2013).",,
Strigolactone,HORMONE,D14,GENE,,,,,,,,,,"We also identiﬁed a mechanism of SL-induced, MAX2-dependent proteasome-mediated degradation of D14.",,
MAX2,GENE,D14,GENE,,,,,,,,,,"We also identiﬁed a mechanism of SL-induced, MAX2-dependent proteasome-mediated degradation of D14.",,
Strigolactone,HORMONE,BRC1,GENE,,,,,,,,,,"A positive transcriptional regulation of BRC1 by the SL pathway has been proposed based on the strong downregulation of BRC1 in axillary buds of SL mutants and its upregulation in response to SL application (Aguilar-Martínez et al., 2007; Finlayson, 2007; Braun et al., 2012; Dun et al., 2012, 2013).",,
Strigolactones,HORMONE,Shoot_Branching,PHENOTYPE,,,,,,,,,,"Strigolactones (SLs), or their derivatives, were recently demonstrated to act as endogenous shoot branching inhibitors, but their biosynthesis and mechanism of action are poorly understood.",,
Auxin,HORMONE,Shoot_Branching,PHENOTYPE,,,,,,,,,,"Auxin in the PATS inhibits bud activity, contributing to the phenomenon of apical dominance, in which the primary apex inhibits the activity of buds in the axils of leaves below it (Thimann and Skoog, 1933).",,
MAX1,GENE,Strigolactones,HORMONE,,,,,,,,,,"the branching phenotype of mutants in the Arabidopsis P450 family member, MAX1, can be fully rescued by strigolactone addition, suggesting that MAX1 acts in SL synthesis.",,
Strigolactones,HORMONE,Auxin_Transport,PROCESS,,,,,,,,,,"We demonstrate that SLs modulate polar auxin transport to control branching and that both the synthetic SL GR24 and endogenous SL synthesis significantly reduce the basipetal transport of a second branch-regulating hormone, auxin.",,
Strigolactones,HORMONE,PIN1,GENE,,,,,,,,,,"GR24 treatment reduces PIN:GFP accumulation in wild-type and max1 mutant plants, but not in the signalling mutant max2.",,
MAX2,GENE,Shoot_Branching,PHENOTYPE,,,,,,,,,,"The branchiness of a subset of these mutants can be rescued by grafting to wild-type roots, suggesting a defect in the synthesis of an upwardly mobile branch inhibitor",,
STM,GENE,Shoot_Branching,PHENOTYPE,,,,,,,,,,"STM suppresses differ- entiation and promotes cell division by inducing the expression of CYCLIN D3 (CYCD3) and ISOPENTENYL TRANSFERASE7 (IPT7), which encodes a key enzyme involved in cytokinin (CK) biosynthesis [78,79].",,
Tre6P,METABOLITE,Bud_Outgrowth,PHENOTYPE,,,,,,,,,,"This Tre6P-dependent pathway positively regulates axillary bud outgrowth, either locally—transgenic lines with lower levels of Tre6P in buds displayed a strong delay in bud release—or in a systemic manner as Arabidopsis lines with an elevated level of Tre6P in the vasculature displayed more branches, more likely through enhanced sucrose allocation towards buds [135].",,
Hexokinase,GENE,Shoot_Branching,GENE,,,,,,,,,,The hexokinase pathway—considered the main glucose sensor in plants [138]—was demonstrated to be positively involved in shoot branching in Arabidopsis and Rosa [139].,,
RhBRC1,GENE,Shoot_Branching,PHENOTYPE,,,,,,,,,,"the associated sugar signaling pathways directly modulated the transcriptional activity of the transcription factor BRANCHED1 (RhBRC1), a master inhibitor of shoot branching [140].",,
Auxin,HORMONE,Bud_Outgrowth,PHENOTYPE,,,,,,,,,,"Moreover, RhSUC2 ex- pression was repressed by exogenously applied auxin, the main systemic repressor of shoot branching [128,129].",,
Cytokinin,HORMONE,Bud_Outgrowth,PHENOTYPE,,,,,,,,,,CK has been shown to trigger bud outgrowth through the promotion of cell division and sink strength [149].,,
Sucrose,METABOLITE,Bud_Outgrowth,PHENOTYPE,,,,,,,,,,"These feeding experiments showed that in contrast to non-metabolizable sugars (e.g., sorbitol, mannitol), metabolizable sugars (sucrose, glucose and fructose) induced outgrowth in a dose-dependent manner in different plant species [80,102–108].",,
SUT,GENE,Bud_Outgrowth,PHENOTYPE,,,,,,,,,,"In rose, among the four identified sucrose transporters, only the expression of RhSUC2 (Figure 2) was positively correlated to bud’s ability to grow out in decapitated plants under light condition [103].",,
Auxin,HORMONE,Shoot_Branching,PHENOTYPE,,,,,,,,,,"When auxin is applied to the stump of decapitated plants, it mimics the effect of the presence of the shoot apex, as it restores the repression of bud outgrowth4.",,
Strigolactones,HORMONE,Shoot_Branching,PHENOTYPE,,,,,,,,,,"Strigolactones and the auxin transport canalization-based model. Two years ago, a breakthrough discovery demonstrated the importance of strigolactones as endogenous hormones that act to inhibit shoot branching 21,22.",,
Cytokinins,HORMONE,Shoot_Branching,PHENOTYPE,,,,,,,,,,"Cytokinins are bud outgrowth activators that, similarly to strigolactones, are mostly synthesized in the root (but with some synthesis in the shoot) and are transported acropetally in the xylem10,31–33 (FIG. 3).",,
BRC1,GENE,Shoot_Branching,PHENOTYPE,,,,,,,,,,"Consistent with this, loss of TB1, BRC1 or BRC2, and FC1 activity results in increased branching, and overexpression leads to inhibition of branch outgrowth76–81.",,
MAX2,GENE,Shoot_Branching,PHENOTYPE,,,,,,,,,,"The phenotypes of strigolactone mutants, in particular the fact that increased levels of PAT can correlate with increased branching, were crucial in developing the auxin transport canalization-based model.",,
Auxin,HORMONE,MAX3,GENE,,,,,,,,,,"Auxin is thought to regulate the production of strigolactones, as apically derived auxin upregulates the transcription of the A. thaliana strigolactone biosynthetic genes MAX3 and MAX4",,
Auxin,HORMONE,MAX4,GENE,,,,,,,,,,"Auxin is thought to regulate the production of strigolactones, as apically derived auxin upregulates the transcription of the A. thaliana strigolactone biosynthetic genes MAX3 and MAX4",,
Strigolactone,HORMONE,Bud_Outgrowth,PHENOTYPE,,,,,,,,,,"Auxin, cytokinin (CK), and strigolactones (SLs) are implicated in the hormonal regulation of bud outgrowth; auxin and SLs as inhibitors of bud outgrowth and CK as a promoter of bud outgrowth",,
Cytokinin,HORMONE,Bud_Outgrowth,PHENOTYPE,,,,,,,,,,"Auxin, cytokinin (CK), and strigolactones (SLs) are implicated in the hormonal regulation of bud outgrowth; auxin and SLs as inhibitors of bud outgrowth and CK as a promoter of bud outgrowth",,
Strigolactone,HORMONE,PsBRC1,GENE,,,,,,,,,,"the promotion of PsBRC1 expression by SL treatment in pea (Braun et al., 2011).",,
Cytokinin,HORMONE,PsBRC1,GENE,,,,,,,,,,"In pea and rice, PsBRC1 and OsTB1 expression is repressed by CK treatment (Minakuchi et al., 2010; Braun et al., 2011).",,
PsBRC1,GENE,Bud_Outgrowth,PHENOTYPE,,,,,,,,,,the expression of PsBRC1 in the bud represses the development of the axillary bud into a growing branch.,,
Auxin,HORMONE,Bud_Outgrowth,PHENOTYPE,,,,,,,,,,"Auxin originating from the shoot tip has long been known to repress the outgrowth of axillary buds located at nodes below (Thimann and Skoog, 1933, 1934).",,
Auxin,HORMONE,PsIPT1,GENE,,,,,,,,,,Incubation with IAA reduced the expression of PsIPT1 and PsIPT2 in segments relative to incubation with control solution,,
BRs,HORMONE,Tillering,PHENOTYPE,,,,,,,,,,"In this study, we first found that brassinosteroids (BRs) strongly enhance tillering by promoting bud outgrowth in rice",,
SLs,HORMONE,Tillering,GENE,,,,,,,,,,"Strigolactones (SLs), a group of terpenoid lactone phytohormones, have been recently identified to strongly inhibit bud outgrowth in different plant species",,
FC1,GENE,Tillering,PHENOTYPE,,,,,,,,,,the TCP transcription factor FC1 and its orthologs are proposed to inhibit bud outgrowth by integrating diverse environmental and developmental cues,,
D53,GENE,FC1,GENE,,,,,,,,,,"D53 interacts with OsBZR1 to inhibit the expression of FC1, a local inhibitor of tillering",,
OsBZR1,GENE,FC1,GENE,,,,,,,,,,the inhibition of FC1 expression by BRs is dependent on BR signaling and OsBZR1.,,
D53_OsBZR1,PROTEIN_COMPLEX,FC1,GENE,,,,,,,,,,D53 and OsBZR1 depend on each other to inhibit FC1 expression during rice tillering,,
phyB,GENE,Shoot_Branching,PHENOTYPE,,,,,,,,,,Both loss of phyB function and low R:FR resulted in a significant decrease in standardized branch numbers in the wild-type background (Fig. 2C).,,
BRC1,GENE,Bud_Outgrowth,PHENOTYPE,,,,,,,,,,"at least two, BRANCHED1 (BRC1 or TEOSINTE BRANCHED1-LIKE1 [TBL1]) and BRC2, function in Arabidopsis axillary buds as suppressors of outgrowth (Aguilar-Martı́nez et al., 2007; Finlayson, 2007).",,
BRC2,GENE,Bud_Outgrowth,PHENOTYPE,,,,,,,,,,"at least two, BRANCHED1 (BRC1 or TEOSINTE BRANCHED1-LIKE1 [TBL1]) and BRC2, function in Arabidopsis axillary buds as suppressors of outgrowth (Aguilar-Martı́nez et al., 2007; Finlayson, 2007).",,
MAX2,GENE,Shoot_Branching,GENE,,,,,,,,,,"Loss of function of components potentially involved in biosynthesis (MAX1, MAX3, and MAX4) or in signaling (MAX2) of the hormone results in increased branching (Stirnberg et al., 2002; Sorefan et al., 2003; Booker et al., 2004, 2005).",,
phyB,GENE,ATHB-2,GENE,,,,,,,,,,"The mRNA abundance of ATHB-2 and BRC2 were elevated by both loss of phyB function and low R:FR, while WUS mRNA abundance was correspondingly reduced (Fig. 7).",,
phyB,GENE,BRC2,GENE,,,,,,,,,,"The mRNA abundance of ATHB-2 and BRC2 were elevated by both loss of phyB function and low R:FR, while WUS mRNA abundance was correspondingly reduced (Fig. 7).",,
phyB,GENE,WUS,GENE,,,,,,,,,,"The mRNA abundance of ATHB-2 and BRC2 were elevated by both loss of phyB function and low R:FR, while WUS mRNA abundance was correspondingly reduced (Fig. 7).",,
IAA,HORMONE,RMS1,GENE,,,,,,,,,,"Indole-3-acetic acid (IAA) positively regulates RMS1 transcript level, a potentially important mechanism for regulation of shoot branching by IAA.",,
RMS1,GENE,Branching_Inhibitor,METABOLITE,,,,,,,,,,RMS1 and RMS5 are required for synthesis of the branching inhibitor,,
Branching_Inhibitor,METABOLITE,Shoot_Branching,PHENOTYPE,,,,,,,,,,RMS1 is most likely a carotenoid cleavage enzyme and acts with RMS5 to control levels of an as yet unidentified mobile branching inhibitor required for auxin inhibition of branching.,,
RMS2,GENE,RMS1,GENE,,,,,,,,,,We also present evidence that RMS1 expression is stimulated by a mobile feedback signal that is largely independent from IAA and appears to require RMS2.,,
RMS4,GENE,RMS1,GENE,,,,,,,,,,It is clear that the RMS4 gene also acts in rootstocks to suppress RMS1 expression.,,
IAA,HORMONE,Shoot_Branching,PHENOTYPE,,,,,,,,,,"In many species, replacement of the shoot apex with exogenous indole-3-acetic acid (IAA) can maintain branching inhibition (e.g., Cline, 1996).",,
BRC1,GENE,Shoot_Branching,PHENOTYPE,,,,,,,,,,"These include branched1 (brc1) and brc2 mutants which lack functional transcription factors that belong to the TEOSINTE/CYCLOIDEA/PROLIFERATING CELL NUCLEAR ANTIGEN FACTOR family and that are repressors of branching (Aguilar-Martínez et al., 2007)",,
Strigolactones,HORMONE,Bud_Outgrowth,PHENOTYPE,,,,,,,,,,"Auxin is thought to activate the synthesis of strigolactones (Foo et al., 2005; Brewer et al., 2009) that inhibit bud outgrowth (Gomez-Roldan et al., 2008; Umehara et al., 2008)",,
Cytokinins,HORMONE,Bud_Outgrowth,PHENOTYPE,,,,,,,,,,"Auxin is thought to activate the synthesis of strigolactones (Foo et al., 2005; Brewer et al., 2009) that inhibit bud outgrowth (Gomez-Roldan et al., 2008; Umehara et al., 2008), and inhibit the synthesis of cytokinins (Tanaka et al., 2006; Ferguson and Beveridge, 2009; Shimizu-Sato et al., 2009; Muüller and Leyser, 2011) that activate bud outgrowth (Sachs and Thimann, 1967; Chatfield et al., 2000).",,
FT,GENE,Rosette_Branching,PHENOTYPE,,,,,,,,,,"This affirms two of the observations we made previously, that C1 branch number is tightly related to flowering and that the flowering pathway is also involved in R1 branch number regulation. Triggering earlier flowering via, for example, an increase in temperature also increased the number of R1 in wild-type and ft mutant plants (Figure 4B).",,
Tre6P,METABOLITE,Bud_Outgrowth,PHENOTYPE,,,,,,,,,,"Plants with higher Tre6P in the vasculature have an early flowering and an increased branching phenotype, and this coincides with upregulation of FT (Fichtner et al., 2021b).",,
Auxin,HORMONE,Bud_Outgrowth,PHENOTYPE,,,,,,,,,,"In many plants, the shoot tip inhibits the outgrowth of axillary buds by producing a flow of auxin traveling along the main stem, thereby focusing resources on the main shoot (reviewed in Rameau et al., 2015; Barbier et al., 2017).",,
Strigolactones,HORMONE,Shoot_Branching,PHENOTYPE,,,,,,,,,,"Strigolactones are a recently discovered class of plant hormone involved in branching, leaf senescence, root development, and plant-microbe interactions [1–6].",,
DAD2,GENE,Shoot_Branching,PHENOTYPE,,,,,,,,,,"The petunia dad2 mutant, like dad1 (CCD8) and dad3 (CCD7), was identified by its increased branching phenotype [18].",,
DAD2,GENE,PhMAX2A,GENE,,,,,,,,,,"In the presence of GR24 DAD2 interacts with PhMAX2A, a central component of strigolactone signaling, in a GR24 concentration-dependent manner.",,
GR24,HORMONE,Shoot_Branching,PHENOTYPE,,,,,,,,,,"GR24 inhibits bud growth, but the products did not differ from controls",,
D3,GENE,Tiller_Bud_Activity,PHENOTYPE,,,,,,,,,,The phenotypes of tillering dwarf mutants suggest that they play roles in the control of tiller bud dormancy to suppress bud activity.,,
Auxin,HORMONE,Bud_Activity,PHENOTYPE,,,,,,,,,,Apically-derived auxin inhibits bud activity and cytokinin promotes it.,,
Cytokinin,HORMONE,Bud_Activity,PHENOTYPE,,,,,,,,,,Apically-derived auxin inhibits bud activity and cytokinin promotes it.,,
FC1,GENE,Tiller_Growth,PHENOTYPE,,,,,,,,,,"The dormancy of tiller buds was weakened in the rice fc1 loss-of-function mutants; on the contrary, the ectopic expression of FC1 caused the suppression of tiller growth, indicating that FC1 functions in the repression of bud activity",,
TB1,GENE,Axillary_Bud_Growth,PHENOTYPE,,,,,,,,,,"In maize, TB1 acts as a repressor of axillary bud growth and an inducer of female inflorescence (Doebley et al. 1997, Hubbard et al. 2002).",,
MAX2,GENE,Bud_Growth,PHENOTYPE,,,,,,,,,,"The orthologous relationship between D3 and MAX2 clearly demonstrated that the mechanisms controlling shoot branching are, at least partially, conserved between monocots and eudicots.",,
Strigolactones,HORMONE,Shoot_Branching,PHENOTYPE,,,,,,,,,,Strigolactones (SLs) are a group of newly identified plant hormones that control plant shoot branching.,,
D53,GENE,SL_Signalling,PROCESS,,,,,,,,,,"D53, which encodes a substrate of the SCFD3 ubiquitination complex and functions as a repressor of SL signalling.",,
Strigolactones,HORMONE,D53,GENE,,,,,,,,,,"Treatments with GR24, a synthetic SL analogue, cause D53 degradation via the proteasome in a manner that requires D14 and the SCFD3 ubiquitin ligase",,
D14,GENE,D53,GENE,,,,,,,,,,Our results suggest a model of SL signalling that involves SL-dependent degradation of the D53 repressor mediated by the D14–D3 complex.,,
D3,GENE,D53,GENE,,,,,,,,,,Our results suggest a model of SL signalling that involves SL-dependent degradation of the D53 rep3,,
D53,GENE,Tillering,PHENOTYPE,,,,,,,,,,"In the d53 plant, the mutated D53 protein is resistant to ubiquitination and degradation, leading to the accumulation of d53, which blocks SL signalling and results in dwarf and high tillering phenotypes.",,
D14,GENE,Shoot_Branching,PHENOTYPE,,,,,,,,,,"Recent studies identiﬁed DWARF14 (D14) as a receptor of strigolactones (SLs), molecules that act as plant hormones and inhibit shoot branching.",,
Strigolactones,HORMONE,Shoot_Branching,PHENOTYPE,,,,,,,,,,"Recent studies identiﬁed DWARF14 (D14) as a receptor of strigolactones (SLs), molecules that act as plant hormones and inhibit shoot branching.",,
D53,GENE,Shoot_Branching,PHENOTYPE,,,,,,,,,,D53 represses the downstream events of SL signaling in the absence of SLs.,,
Strigolactones,HORMONE,D53,GENE,,,,,,,,,,"Subsequently, D53 is polyubiquitinated by D3 and degraded via the 26S proteasome pathway",,
D3,GENE,D53,GENE,,,,,,,,,,"Subsequently, D53 is polyubiquitinated by D3 and degraded via the 26S proteasome pathway",,
RMS3,GENE,Shoot_Branching,PHENOTYPE,,,,,,,,,,"Here, we demonstrate that RAMOSUS3, a pea ortholog of D14, works as a graft-transmissible signal to suppress shoot branching.",,
Sucrose,METABOLITE,Shoot_Branching,PHENOTYPE,,,,,,,,,,"Suc has been shown to promote branching (Henry et al., 2011; Kelly et al., 2012; Mason et al., 2014; Rabot et al., 2012; Su et al., 2011; Umehara et al., 2010; Whipple et al., 2011).",,
Far-red_Light,ENVIRONMENT,Shoot_Branching,PHENOTYPE,,,,,,,,,,"The high ratio of far-red light to red light suppresses shoot branching (González-Grandío et al., 2013; Kelly et al., 2012; Whipple et al., 2011).",,
SL,HORMONE,Shoot_Branching,PHENOTYPE,,,,,,,,,,"Since being classified as a plant hormone for their role in the inhibition of shoot branching, SLs have been found to be involved in many other processes including, but not limited to, the regulation of root growth, secondary vascular growth, and leaf senescence.",,
IPA1,GENE,Shoot_Branching,PHENOTYPE,,,,,,,,,,"IPA1 has previously been implicated in the negative regulation of shoot branching, also called tillering in monocots",,
D53,GENE,IPA1,GENE,,,,,,,,,,These phenotypes are consistent with IPA1 being repressed by D53,,
SL,HORMONE,D53,GENE,,,,,,,,,,"SL degrades the D53 protein in rice [4, 5] and the related SMXL6, SMXL7 and SMXL8 proteins in Arabidopsis [1].",,
IPA1,GENE,TB1,GENE,,,,,,,,,,TB1 has been shown to be a direct transcriptional target of IPA1 in rice [6] (Figure 1).,,
miR156,REGULATORY_RNA,IPA1,GENE,,,,,,,,,,"Many SPL genes, including IPA1, are post-transcriptionally suppressed by miR156 in a highly conserved regulatory pathway [3].",,
TABS,GENE,Shoot_Branching,PHENOTYPE,,,,,,,,,,"FINE CULM1 (FC1), TEOSINTE BRANCHED1 (TB1) and BRANCHED 1 (BRC1) are well established in several species as homologous transcription factors that suppress shoot branching [7].",,
TB1,GENE,Shoot_Branching,PHENOTYPE,,,,,,,,,,"FINE CULM1 (FC1), TEOSINTE BRANCHED1 (TB1) and BRANCHED 1 (BRC1) are well established in several species as homologous transcription factors that suppress shoot branching [7].",,
BRC1,GENE,Shoot_Branching,PHENOTYPE,,,,,,,,,,"FINE CULM1 (FC1), TEOSINTE BRANCHED1 (TB1) and BRANCHED 1 (BRC1) are well established in several species as homologous transcription factors that suppress shoot branching [7].",,
D53,GENE,Shoot_Branching,PHENOTYPE,,,,,,,,,,"In the absence of SL, D53 is predicted to inhibit transcriptional activation of genes in partnership with TOPLESS-related proteins [1].",,
PHYB,GENE,Bud_Outgrowth,PHENOTYPE,,,,,,,,,,"Phytochrome B (PHYB) is involved in the response of bud outgrowth to light in Arabidopsis [55,56] and sorghum [57,58]. In these species, phyB loss-of-function mutants exhibited a reduced branching capacity compared to the wild-type (WT), suggesting a promoting effect of PHYB on bud outgrowth in the WT background.",,
BRC1,GENE,Bud_Outgrowth,PHENOTYPE,,,,,,,,,,"A similar study in Arabidopsis revealed that the functionality of two homologous genes of TB1, namely BRC1 and BRC2, was required for the transduction of the light signal through PHYB [55].",,
MAX2,GENE,BRC1,GENE,,,,,,,,,,"MAX2 was also shown to promote expression of negative branching integrators such as BRC1 [144,145].",,
Cytokinins,HORMONE,BRC1,GENE,,,,,,,,,,"They act by decreasing the expression of BRC1 [96,97] and by antagonizing auxin and strigolactones in apical dominance [98–103].",,
Light,ENVIRONMENT,Bud_Outgrowth,PHENOTYPE,,,,,,,,,,"In many species, bud outgrowth is modulated by light intensity. In herbaceous species such as the monocots Lolium perenne [15] or Triticum aestivum [16], low-intensity light caused decreased tillering, while high-intensity light stimulated branching in several shrubs and trees such as Vaccinium bracteatum [17,18], Abies balsamea, Picea abies, Pinus sylvestris [19,20], Litsea acuminata [21], Fraxinus pennsylvanica [22], Rosa hybrida and R. wichurana [23].",,
ABA,HORMONE,Bud_Outgrowth,PHENOTYPE,,,,,,,,,,"Moreover, exogenous ABA application inhibits bud outgrowth in Arabidopsis, Ipomoea and tomato [162,163].",,
Auxin,HORMONE,Shoot_Branching,PHENOTYPE,,,,,,,,,,"The idea that apically derived auxin inhibits shoot branching by inhibiting the activity of axillary buds was first proposed 70 years ago, but it soon became clear that its mechanism of action was complex and indirect.",,
Cytokinin,HORMONE,Bud_Outgrowth,PHENOTYPE,,,,,,,,,,"Cytokinin can promote the outgrowth of buds when directly applied to them, and cytokinin levels rise in buds as they are activated [3,25].",,
Auxin,HORMONE,Cytokinin,HORMONE,,,,,,,,,,"Second, it has been shown that auxin can down-regulate both local cytokinin synthesis and cytokinin export from roots and that this might prevent the activation of buds.",,
MAX4,GENE,Shoot_Branching,PHENOTYPE,,,,,,,,,,"The mutants are characterized by increased branching, reduced stature and in most cases shorter leaves.",,
LAS,GENE,Axillary_Meristem_Initiation,PROCESS,,,,,,,,,,Loss of LAS function results in absence of axillary meristems in most of the vegetative nodes of Arabidopsis with only the most apical nodes producing branches after floral transition.,,
Strigolactones,HORMONE,Shoot_Branching,PHENOTYPE,,,,,,,,,,"Strigolactones (SLs) are hormonal signals that regulate multiple aspects of shoot architecture, including shoot branching.",,
BRC1,GENE,Bud_Outgrowth,PHENOTYPE,,,,,,,,,,"BRC1 is well-established as a regulator of bud outgrowth, and brc1 mutants have strongly increased, SL-resistant branching (Aguilar-Martínez et al., 2007; Brewer et al., 2009).",,
SMXL7,GENE,PIN1,GENE,,,,,,,,,,"Compared with control plants, PIN1-GFP protein levels at the basal plasma membrane of xylem parenchyma cells in the stem were indeed increased in this line.",,
D14,GENE,SMXL7,GENE,,,,,,,,,,"In Arabidopsis, SMXL7 is rapidly degraded in response to treatment with rac-GR24 in a D14- and MAX2-dependent manner (Soundappan et al., 2015; Wang et al., 2015).",,
MAX2,GENE,SMXL7,GENE,,,,,,,,,,"In Arabidopsis, SMXL7 is rapidly degraded in response to treatment with rac-GR24 in a D14- and MAX2-dependent manner (Soundappan et al., 2015; Wang et al., 2015).",,
D27,GENE,Tiller_Bud_Outgrowth,PHENOTYPE,,,,,,,,,,"Our results demonstrate that D27 is involved in the MAX/RMS/D pathway, in which D27 acts as a new member participating in the biosynthesis of strigolactones.",,
Strigolactones,HORMONE,Tiller_Bud_Outgrowth,PHENOTYPE,,,,,,,,,,"Strigolactones, a group of terpenoid lactones, have been recently identified as products of the MAX/RMS/D pathway that inhibits axillary bud outgrowth.",,
Auxin,HORMONE,Tiller_Bud_Outgrowth,PHENOTYPE,,,,,,,,,,"It is transported along the shoot-root axis from cell to cell in a polar manner, which is essential for inhibiting the outgrowth of axillary buds (Ljung et al., 2001; Leyser, 2003; Sieberer and Leyser, 2006).",,
Cytokinin,HORMONE,Tiller_Bud_Outgrowth,PHENOTYPE,,,,,,,,,,"Exogenous application of cytokinin to axillary buds promotes their outgrowth (Sachs and Thimann, 1964; Cline, 1991).",,
D27,GENE,Strigolactones,HORMONE,,,,,,,,,,"Our results demonstrate that D27 is involved in the MAX/RMS/D pathway, in which D27 acts as a new member participating in the biosynthesis of strigolactones.",,
FC1,GENE,Bud_Outgrowth,PHENOTYPE,,,,,,,,,,"We found that the increased tillering phenotype of ﬁne culm1 (fc1) mutants of rice is not rescued by the application of 1 µM GR24, a synthetic SL analog.",,
Strigolactones,HORMONE,Bud_Outgrowth,PHENOTYPE,,,,,,,,,,"Recent studies of highly branched mutants of pea, Arabidopsis and rice have demonstrated that strigolactones (SLs) act as hormones that inhibit shoot branching.",,
Cytokinin,HORMONE,Bud_Outgrowth,PHENOTYPE,,,,,,,,,,While cytokinins directly induce branching.,,
Auxin,HORMONE,Cytokinin,HORMONE,,,,,,,,,,"Recently it was revealed that one role of auxin is to suppress cytokinin biosynthesis in the stem (Tanaka et al. 2006, Shimizu-Sato et al. 2009).",,
Auxin,HORMONE,Strigolactones,HORMONE,,,,,,,,,,"In addition, the auxin-dependent up-regulation of SL biosynthesis genes has been observed in all plant species analyzed so far (Arite et al. 2007, Heyward et al. 2009).",,
Cytokinin,HORMONE,FC1,GENE,,,,,,,,,,"On the other hand, the expression level of FC1 is negatively regulated by cytokinin treatment.",,
Strigolactones,HORMONE,FC1,GENE,,,,,,,,,,This raises the possibility that other proteins in this clade may function downstream of SLs in the inhibition of bud outgrowth.,,
Auxin,HORMONE,Bud_Outgrowth,PHENOTYPE,,,,,,,,,,"Auxin, which is supplied from the apical bud, indirectly suppresses axillary bud outgrowth",,
Auxin,HORMONE,Bud_Outgrowth,PHENOTYPE,,,,,,,,,,Apically-derived auxin in the nodal stem indirectly inhibits bud outgrowth via cytokinins and strigolactones.,,
Sucrose,METABOLITE,Bud_Outgrowth,PHENOTYPE,,,,,,,,,,"In our previous study on rose isolated nodal segments grown without auxin (Barbier et al., 2015b), we highlighted that sucrose stimulated bud outgrowth and that this growth was preceded by downregulated strigolactone signalling gene expression and increased cytokinin synthesis.",,
Strigolactones,HORMONE,Bud_Outgrowth,PHENOTYPE,,,,,,,,,,"Cytokinins and strigolactones are partly integrated within the bud by the transcription factor BRC1, involved in bud dormancy in several species (Aguilar-Martinez et al., 2007; Dun et al., 2012; Rameau et al., 2015; Wang et al., 2019).",,
Cytokinins,HORMONE,Bud_Outgrowth,PHENOTYPE,,,,,,,,,,"Cytokinins and strigolactones are partly integrated within the bud by the transcription factor BRC1, involved in bud dormancy in several species (Aguilar-Martinez et al., 2007; Dun et al., 2012; Rameau et al., 2015; Wang et al., 2019).",,
Auxin,HORMONE,Cytokinins,HORMONE,,,,,,,,,,"The suppression of nodal cytokinin content by auxin was the first hormonal mechanism proposed to explain the indirect action of auxin in apical dominance (Shimizu-Sato et al., 2009).",,
Auxin,HORMONE,Strigolactones,HORMONE,,,,,,,,,,"Conversely, the expression of strigolactone biosynthesis-related genes is rapidly repressed by auxin depletion in the stem, a behaviour that is also prevented by exogenous auxin application (Foo et al., 2005; Zou et al., 2006; Hayward et al., 2009).",,
Sucrose,METABOLITE,Strigolactones,HORMONE,,,,,,,,,,"Altogether, this result shows that sugar availability suppresses the strigolactone inhibition of bud outgrowth.",,
BRC1,GENE,Bud_Outgrowth,PHENOTYPE,,,,,,,,,,"Moreover, in rose and pea, sucrose inhibited the expression of BRC1 (Mason et al., 2014; Barbier et al., 2015b), encoding a transcription factor that inhibited bud outgrowth (Aguilar-Martinez et al., 2007) and was also involved in strigolactone signalling (Braun et al., 2012; Dun et al., 2012; Dun et al., 2013; Seale et al., 2017).",,
BRC1,GENE,Shoot_Branching,PHENOTYPE,,,,,,,,,,"partly via induction of the BRANCHED1 (BRC1) transcription factor, which is a repressor of branching",,
Tre6P,METABOLITE,Bud_Outgrowth,PHENOTYPE,,,,,,,,,,Expression of a heterologous Tre6P phosphatase (TPP) to lower Tre6P in axillary buds strongly delayed bud outgrowth in long days and inhibited branching in short days.,,
Tre6P,METABOLITE,CO,GENE,,,,,,,,,,"Compared to the pGLDPA:GUS controls, the pGLDPA:otsA plants showed significantly increased expression of CO (4.5-fold), FT (three-fold) and TSF (five-fold) (Fig. 4b).",,
CO,GENE,FT,GENE,,,,,,,,,,"In arabidopsis, the expression of FT is triggered by long days, under the control of CO, and is dependent on the Tre6P-synthesizing activity of TPS1 (Wahl et al., 2013; Fichtner et al., 2020).",,
FT,GENE,Shoot_Branching,PHENOTYPE,,,,,,,,,,Increased vascular Tre6P levels enhanced branching and was accompanied by higher expression of FLOWERING LOCUS T (FT) and upregulation of sucrose transporters.,,
FT,GENE,BRC1,GENE,,,,,,,,,,"In arabidopsis and wheat, the FT protein (also TSF in arabidopsis) has been shown to interact directly with BRC1, and this interaction leads to a reciprocal repressive effect, i.e. FT and BRC1 inhibit each other (Niwa et al., 2013; Dixon et al., 2018).",,
Sucrose,METABOLITE,Shoot_Branching,PHENOTYPE,,,,,,,,,,"Increasing the sucrose supply to axillary buds by feeding sucrose exogenously or removing the youngest growing leaves (i.e. competing sinks) also triggered bud growth, even when the shoot apex itself was left intact to maintain polar auxin flow (Mason et al., 2014).",,
HXK1,GENE,Shoot_Branching,PHENOTYPE,,,,,,,,,,Our observations demonstrate that HXK1 signalling contributes to the regulation of shoot branching and interacts with hormones to modulate plant architecture.,,
Auxin,HORMONE,Shoot_Branching,PHENOTYPE,,,,,,,,,,"The high plasticity of this process allows plants to optimise their architecture to a given environment (Leduc et al., 2014; Rameau et al., 2015; Barbier et al., 2019b; Schneider et al., 2019).",,
Cytokinin,HORMONE,Shoot_Branching,GENE,,,,,,,,,,"Auxin indirectly acts on buds by reducing the levels of cytokinins (CK), which induce bud outgrowth, and presumably by promoting the synthesis of strigolactones (SL) that inhibit bud outgrowth (Brewer et al., 2009; Hayward et al., 2009; Domagalska & Leyser, 2011).",,
Strigolactone,HORMONE,Shoot_Branching,PHENOTYPE,,,,,,,,,,"Auxin indirectly acts on buds by reducing the levels of cytokinins (CK), which induce bud outgrowth, and presumably by promoting the synthesis of strigolactones (SL) that inhibit bud outgrowth (Brewer et al., 2009; Hayward et al., 2009; Domagalska & Leyser, 2011).",,
HXK1,GENE,MAX2,GENE,,,,,,,,,,"We also observed a negative correlation between sugar availability and the expression of D14 and especially MAX2 across transcriptomic data sets, including treatments that modulate endogenous sugar levels (Fig. S4a). Additionally, MAX2 expression was also strongly negatively correlated with HXK1 expression under these treatments (Fig. 8b).",,
HXK1,GENE,IPT3,GENE,,,,,,,,,,"Moreover, we observed a strong and significant positive correlation between the expression of HXK1 and IPT3 in response to these treatments (Fig. 7c).",,
Sucrose,METABOLITE,Tillering,PHENOTYPE,,,,,,,,,,We observed that sucrose triggered bud elongation in a dose-dependent manner with or without addition of rac-GR24 (Fig. 1).,,
Strigolactones,HORMONE,Tillering,PHENOTYPE,,,,,,,,,,"In the absence of sucrose, tiller bud elongation remained suppressed.",,
D53,GENE,TB1,GENE,,,,,,,,,,"D53 promotes the outgrowth of tillers by inhibiting the expression of the TCP transcription factor gene TB1 (Takeda et al., 2003; Minakuchi et al., 2010).",,
TB1,GENE,Tillering,PHENOTYPE,,,,,,,,,,"The TEOSINTE BRANCHED1 (TB1), CYCLOIDEA, and PCF (TCP) family transcription factor TB1 acts as a negative regulator of tillering",,
Sucrose,METABOLITE,D3,GENE,,,,,,,,,,"Sucrose inhibits the gene expression of D3, the orthologue of the Arabidopsis F-box MAX2 required for SL signalling.",,
Sucrose,METABOLITE,D53,GENE,,,,,,,,,,"In the absence of GR24 in the growth medium, the D53 protein levels increased strongly with increasing sucrose concentration (Fig. 2a).",,
Strigolactones,HORMONE,D53,GENE,,,,,,,,,,"In the absence of sucrose, D53 protein was degraded within 5 min of treatment with GR24.",,
miR156,REGULATORY_RNA,PvSPL2,GENE,,,,,,,,,,"Among them, miR156 is one of the conserved master regulators of plant vegetative phase transitions by suppressing its target SQUAMOSA PROMOTER BINDING PROTEIN LIKE (SPL) genes (Wu & Poethig, 2006).",,
PvSPL2,GENE,PvLBO,GENE,,,,,,,,,,"Furthermore, we found that PvSPL2 can directly bind to the promoter of PvLBO and activate its transcription, suggesting that PvLBO is a novel downstream gene of PvSPL2.",,
PvLBO,GENE,Tillering,PHENOTYPE,,,,,,,,,,"The upregulation of PvLBO in switchgrass dramatically inhibited tiller bud outgrowth, while the downregulation of PvLBO led to substantial increase in the tiller number.",,
Strigolactones,HORMONE,Tillering,PHENOTYPE,,,,,,,,,,Strigolactones (SLs) play a critical role in regulating plant tiller number.,,
PvSPL2,GENE,Tillering,PHENOTYPE,,,,,,,,,,"Moreover, we demonstrate for the first time that PvSPL2 was able to bind to the PvLBO promoter directly, activate its transcription, and therefore repress switchgrass tillering.",,
PvD53,GENE,PvSPL2,GENE,,,,,,,,,,"In the presence of miR156, SPL2 transcripts are cleaved by miR156, while D53 interacts with SPL2 which further inhibits the transcriptional activation of SPL2 to downstream genes, such as PvTB1 and PvLBO.",,
Auxin,HORMONE,Bud_Outgrowth,PHENOTYPE,,,,,,,,,,Auxin is actively transported basipetally in the shoot and inhibits bud outgrowth.,,
Cytokinin,HORMONE,Bud_Outgrowth,PHENOTYPE,,,,,,,,,,"By contrast, cytokinins travel acropetally and promote bud outgrowth.",,
Auxin,HORMONE,Cytokinin,HORMONE,,,,,,,,,,"Application of auxin rapidly reduces flux through the isopentenyladenosine-5#-monophosphate-independent cytokinin biosynthetic pathway (Nordström et al., 2004).",,
MAX2,GENE,Shoot_Branching,PHENOTYPE,,,,,,,,,,Loss of function at any of these loci produces more branching shoots compared with wild-type (WT) (Fig. 1).,,
MAX4,GENE,Shoot_Branching,PHENOTYPE,,,,,,,,,,Loss of function at any of these loci produces more branching shoots compared with wild-type (WT) (Fig. 1).,,
AXR1,GENE,Shoot_Branching,PHENOTYPE,,,,,,,,,,"The same axr1 mutants have increased branching and their axillary buds are resistant to the inhibitory effects of apical auxin (Lincoln et al., 1990; Stirnberg et al., 1999).",,
Strigolactones,HORMONE,Shoot_Branching,PHENOTYPE,,,,,,,,,,"Strigolactones (SLs) are β-carotene derived plant hormones (Alder et al., 2012; Al-Babili and Bouwmeester, 2015) that influence shoot architecture by inhibiting branching and tillering (Gomez-Roldan et al., 2008; Umehara et al., 2008).",,
AtCXE20,GENE,Strigolactones,HORMONE,,,,,,,,,,These results best support a mechanism where ectopic expression of AtCXE20 with a strong promoter effectively lowers the concentration of free SL by sequestration.,,
AtCXE20,GENE,Shoot_Branching,PHENOTYPE,,,,,,,,,,AtCXE20 overexpression also resulted in increased branching in two independent single copy events (Figure 1D).,,
Strigolactones,HORMONE,Senescence,PHENOTYPE,,,,,,,,,,"The delayed senescence and decreased sensitivity to ACC observed here are consistent with a previous report that SL promotes senescence by enhancing the action of ethylene, and that SL signaling mutants are ethylene hyposensitive (Ueda and Kusaba, 2015).",,
source_type,GENE,target_type,PHENOTYPE,,,,,,,,,,"The effect of AtCXE20 overexpression on sensitivity to ethylene was also examined (Figure 1E). Treatment with increasing concentrations of the ethylene biosynthetic precursor 1-aminocyclopropane-1-carboxylic acid (ACC) resulted in more extreme decreases in hypocotyl growth in wild type Arabidopsis compared with transgenic, suggesting that AtCXE20 overexpression decreased the sensitivity to ethylene.",,
Sucrose,METABOLITE,Shoot_Branching,PHENOTYPE,,,,,,,,,,Sucrose and hexoses induced branching and lateral bud elongation (Figure 1).,,
Cytokinin,HORMONE,Shoot_Branching,PHENOTYPE,,,,,,,,,,"Supplying etiolated stems with the synthetic CK 6-benzylaminopurine (BAP) led to a dose-dependent increase in branching and bud elongation, similar to the effect of sucrose feeding (Figure 6).",,
Sucrose,METABOLITE,Cytokinin,HORMONE,,,,,,,,,,"Our results indicate that sucrose feeding to detached stems promotes the accumulation of cytokinin (CK), as well as the expression of vacuolar invertase (VInv), an enzyme that contributes to sugar sink strength.",,
Cytokinin,HORMONE,VInv,GENE,,,,,,,,,,"Our findings are consistent with previous studies in which CKs were shown to adjust the sugar partitioning and sink strength of some organs through the regulation of sugar transporters and invertases (Thomas, 1986; Roitsch and Ehneß, 2000; Guivarcüh et al., 2002; Werner et al., 2008; Proels and Roitsch, 2009; Liao et al., 2013).",,
VInv,GENE,Shoot_Branching,PHENOTYPE,,,,,,,,,,"The number of sucrose-induced branches was substantially reduced, but they were not abolished in vinv-mutant lines compared to the WT, suggesting a role for VInv in the sucrose-induced branching (Figure 4A).",,
Sucrose,METABOLITE,VInv,GENE,,,,,,,,,,"After 2, 8, and 10 h of sucrose feeding, VInv transcript level in the third lateral stem bud was significantly higher than with the other sugars.",,
BRC1,GENE,Bud_Growth,PHENOTYPE,,,,,,,,,,"This idea is based on increased branching in brc1 mutants, the effects of bud-regulating hormones on BRC1 expression, and a general correlation between BRC1 expression and bud growth inhibition.",,
Auxin,HORMONE,BRC1,GENE,,,,,,,,,,"Together, these data suggest that an apically derived signal, such as auxin, moving basipetally in the stem regulates BRC1 transcription.",,
Strigolactone,HORMONE,BRC1,GENE,,,,,,,,,,"In several dicot species, SL also upregulates the transcription of the BRC1, providing another mechanism by which SL regulates bud activity (Braun et al., 2012; Dun et al., 2012, 2013; Mashiguchi et al., 2009).",,
SMXL678,PROTEIN_COMPLEX,BRC1,GENE,,,,,,,,,,"This result is consistent with a model in which SMXL678 promote branching by downregulating BRC1, but it is equally consistent with BRC1 acting independently of SMXL678.",,
Cytokinin,HORMONE,BRC1,GENE,,,,,,,,,,"Similarly, BRC1 transcripts decreased in buds within 1 h of basal CK treatment (Fig. 1B).",,
Strigolactone,HORMONE,Shoot_Branching,PHENOTYPE,,,,,,,,,,The canalization-based model can also explain how the plant hormone strigolactone (SL) inhibits branching.,,
DAD1,GENE,Shoot_Branching,PHENOTYPE,,,,,,,,,,"The dad1-1 mutant allele was inactivated by insertion of an unusual transposon (Dad-one transposon), and the dad1-3 allele is a revertant allele of dad1-1. Consistent with its role in producing a graft-transmissible compound that can alter branching, the Dad1/PhCCD8 gene is expressed in root and shoot tissue.",,
DAD1,GENE,Leaf_Senescence,PHENOTYPE,,,,,,,,,,"Other differences in phenotype associated with the loss of Dad1/PhCCD8 function included altered timing of axillary meristem development, delayed leaf senescence, smaller flowers, reduced internode length, and reduced root growth.",,
DAD1,GENE,Root_Growth,PHENOTYPE,,,,,,,,,,"Other differences in phenotype associated with the loss of Dad1/PhCCD8 function included altered timing of axillary meristem development, delayed leaf senescence, smaller flowers, reduced internode length, and reduced root growth.",,
Auxin,HORMONE,Bud_Outgrowth,PHENOTYPE,,,,,,,,,,"Formation of lateral branches has historically been considered in terms of the repression of lateral bud outgrowth by auxin derived from the apical meristem (Napoli et al., 1999).",,
D53,GENE,IPA1,GENE,,,,,,,,,,D53 interacts with IPA1 in vivo and in vitro and suppresses the transcriptional activation activity of IPA1.,,
IPA1,GENE,D53,GENE,,,,,,,,,,IPA1 could directly bind to the D53 promoter and acti- vate its expression.,,
IPA1,GENE,Tillering,PHENOTYPE,,,,,,,,,,"the ipa1-10 and ipa1-11 loss-of-function mutants exhibited high tillering and dwarf phenotypes (Figure 1A-1C), indicating that IPA1 is a negative regulator of rice tillering.",,
Strigolactones,HORMONE,Shoot_Branching,PHENOTYPE,,,,,,,,,,"Strigolactones (SLs), a group of carotenoid derived terpenoid lactones, are root-to-shoot phytohormones suppressing shoot branching by inhibiting the outgrowth of axillary buds.",,
miR156,REGULATORY_RNA,IPA1,GENE,,,,,,,,,,"Two microRNAs, miRNA156 and miRNA529, regulate IPA1 expression, and point mutations in the miRNA156 recognition site perturb miRNA156-regu- lated degradation of IPA1 mRNA, leading to decreased tiller number and increased plant height and panicle branches [45-47].",,
IPA1,GENE,OsTB1,GENE,,,,,,,,,,"IPA1 directly binds to the promoter of a negative regulator of tiller bud outgrowth, TEOSINTE BRANCHED1 (OsTB1), to suppress rice tillering [47].",,
SMXL6,GENE,Shoot_Branching,PHENOTYPE,,,,,,,,,,"Through an extensive analysis of loss-of-function mutants, we demonstrate that the Arabidopsis SMAX1-LIKE genes SMXL6, SMXL7, and SMXL8 are co-orthologs of rice D53 that promote shoot branching.",,
SMXL7,GENE,Shoot_Branching,PHENOTYPE,,,,,,,,,,"Through an extensive analysis of loss-of-function mutants, we demonstrate that the Arabidopsis SMAX1-LIKE genes SMXL6, SMXL7, and SMXL8 are co-orthologs of rice D53 that promote shoot branching.",,
SMXL8,GENE,Shoot_Branching,PHENOTYPE,,,,,,,,,,"Through an extensive analysis of loss-of-function mutants, we demonstrate that the Arabidopsis SMAX1-LIKE genes SMXL6, SMXL7, and SMXL8 are co-orthologs of race D53 that promote shoot branching.",,
BRC1,GENE,Shoot_Branching,PHENOTYPE,,,,,,,,,,"brc1 mutants have increased, SL-resistant shoot branching, BRC1 expression is upregulated after rac-GR24 treatment, and BRC1 transcription is reduced in max2, d14, and SL-deﬁcient mutants (Aguilar-Martínez et al., 2007; Dun et al., 2012; Chevalier et al., 2014).",,
Strigolactones,HORMONE,Shoot_Branching,PHENOTYPE,,,,,,,,,,"The differences between SL-insensitive d14 phenotypes and KAR-insensitive kai2 phenotypes show that SL and KAR/KL regulate distinct aspects of MAX2-dependent development and that the max2 phenotype reﬂects a combination of d14 and kai2 effects (Waters et al., 2012).",,
MAX2,GENE,Shoot_Branching,PHENOTYPE,,,,,,,,,,"The increased branching phenotype of max2 was reduced by smxl678-ami in most transgenic lines, but not by smxl45-ami, implicating SMXL6, SMXL7, or SMXL8 in branching control.",,
SMAX1,GENE,Shoot_Branching,PHENOTYPE,,,,,,,,,,"Contrary to our prior observations (Stanga et al., 2013), we observed a mild but signiﬁcant reduction in branching in smax1-2 max2 compared with max2 (Figure 2B).",,
MAX2,GENE,Shoot_Branching,PHENOTYPE,,,,,,,,,,"One of several phenotypes of max2 mutants, the highly branched shoot, is identical to mutants at three other MAX loci.",,
MAX1,GENE,Shoot_Branching,PHENOTYPE,,,,,,,,,,"One of several phenotypes of max2 mutants, the highly branched shoot, is identical to mutants at three other MAX loci.",,
Strigolactone,HORMONE,Bud_Outgrowth,PHENOTYPE,,,,,,,,,,Mechanisms by which SL inhibits axillary bud outgrowth are less well understood.,,
ABA,HORMONE,Bud_Outgrowth,PHENOTYPE,,,,,,,,,,Application of ABA to the hydroponic culture suppressed the growth of axillary buds of SL mutants to the same level as wild-type (WT) buds.,,
OsNCED1,GENE,ABA,HORMONE,,,,,,,,,,"Tiller number was decreased in the transgenic lines overexpressing OsNCED1, the gene that encodes ABA biosynthesis enzyme.",,
OsNCED1,GENE,Tillering,PHENOTYPE,,,,,,,,,,"Tiller number was decreased in the transgenic lines overexpressing OsNCED1, the gene that encodes ABA biosynthesis enzyme.",,
Strigolactone,HORMONE,OsNCED1,GENE,,,,,,,,,,"Combining these facts, a plausible scenario is that different stimuli activate the same genes to induce ABA in bud inhibition.",,
ABA,HORMONE,OsEL2,GENE,,,,,,,,,,We confirmed that expression of OsEL2 and OsEL2like was induced by application of ABA,,
OsEL2,GENE,Bud_Outgrowth,PHENOTYPE,,,,,,,,,,"In combination, these results suggest that cell cycle progression is suppressed at both the S/M and G1S phases when the axillary buds enter the dormant state.",,
PsSMXL7,GENE,Shoot_Branching,PHENOTYPE,,,,,,,,,,PsSMXL7 acts downstream of both RMS3 and RMS4 to positively regulate shoot branching in pea.,,
PsBRC1,GENE,Shoot_Branching,PHENOTYPE,,,,,,,,,,"The role of BRC1 in shoot branching is exemplified by the increased branching phenotype displayed by brc1 mutants in pea (Braun et al., 2012), Arabidopsis (Aguilar-Martınez et al., 2007; Finlayson, 2007), rice (Minakuchi et al., 2010), maize (Hubbard et al., 2002; Kebrom and Brutnell, 2015) and potato (Nicolas et al., 2015).",,
Strigolactone,HORMONE,PsSMXL7,GENE,,,,,,,,,,"Like D53 and related SMXLs, we show that PsSMXL7 can be degraded by SL and induces feedback upregulation of PsSMXL7 transcript.",,
Cytokinin,HORMONE,PsSMXL7,GENE,,,,,,,,,,"Indeed, we found that the levels of PsSMXL7 transcript were increased after treatment with 6-benzylaminopurine (BA) (Figure 6a,c).",,
PsSMXL7,GENE,PsBRC1,GENE,,,,,,,,,,We show here that PsSMXL7 represses PsBRC1 downstream of RMS3.,,
Auxin,HORMONE,Shoot_Branching,PHENOTYPE,,,,,,,,,,"SL mutants also have increased indole-3-acetic acid (IAA) content (Beveridge et al., 1996, 1997) and auxin treatment upregulates expression of SL biosynthesis genes (Arite et al., 2007; Hayward et al., 2009; Liang et al., 2010).",,
Strigolactones,HORMONE,Shoot_Branching,PHENOTYPE,,,,,,,,,,"Furthermore, application of strigolactones inhibits shoot branching in these mutants.",,
MAX2,GENE,Shoot_Branching,PHENOTYPE,,,,,,,,,,The MAX genes are required for selective repression of axillary shoots and max mutants exhibit bushier shoots than do wild-type plants,,
MAX3,GENE,Shoot_Branching,PHENOTYPE,,,,,,,,,,The MAX genes are required for selective repression of axillary shoots and max mutants exhibit bushier shoots than do wild-type plants,,
MAX4,GENE,Shoot_Branching,PHENOTYPE,,,,,,,,,,The MAX genes are required for selective repression of axillary shoots and max mutants exhibit bushier shoots than do wild-type plants,,
D10,GENE,Shoot_Branching,PHENOTYPE,,,,,,,,,,These results confirm the role of strigolactones in inhibiting tiller bud outgrowth in the branching inhibitor pathway in rice.,,
D17,GENE,Shoot_Branching,PHENOTYPE,,,,,,,,,,These results confirm the role of strigolactones in inhibiting tiller bud outgrowth in the branching inhibitor pathway in rice.,,
GR24,HORMONE,Shoot_Branching,PHENOTYPE,,,,,,,,,,An application of GR24 (a strigolactone analogue; Fig. 1b) to the media inhibited tiller bud outgrowth of 2-week-old d10-1 and d17-1 seedlings in a dose-dependent manner,,
Strigolactone,HORMONE,Shoot_Branching,PHENOTYPE,,,,,,,,,,Plants with mutations in the strigolactone pathway are highly branched,,
BRC1,GENE,Shoot_Branching,PHENOTYPE,,,,,,,,,,Loss of BRC1 in Arabidopsis leads to increased branching,,
Strigolactone,HORMONE,BRC1,GENE,,,,,,,,,,"Strigolactone can up-regulate the transcription of BRC1, independent of new protein synthesis",,
Strigolactone,HORMONE,C_A_T,PROCESS,,,,,,,,,,"Strigolactones appear to influence branching in two distinct ways. Firstly, they modulate auxin transport by triggering endocytosis of PIN1 from the plasma membrane",,
PIN347,GENE,Shoot_Branching,PHENOTYPE,,,,,,,,,,"We demonstrate that in Arabidopsis, CAT plays an important role in strigolactone-mediated shoot branching control, with the triple pin3pin4pin7 mutant able to suppress partially the highly branched phenotype of strigolactone deficient mutants.",,
ABCB19,GENE,Shoot_Branching,PHENOTYPE,,,,,,,,,,"Whereas loss of ABCB1 did not affect branching in either max mutant, loss of ABCB19 reduced the levels of shoot branching in both",,
Strigolactones,HORMONE,Shoot_Branching,PHENOTYPE,,,,,,,,,,"More recently, SLs have been reported to function as root-to-shoot phytohormones that suppress shoot branching by inhibiting the outgrowth of axillary buds (Gomez-Roldan et al., 2008; Umehara et al., 2008).",,
SMXL6,GENE,Shoot_Branching,PHENOTYPE,,,,,,,,,,The smxl6 smxl7 smxl8 triple mutant suppresses the highly branched phenotypes of max2 and the SL-deﬁcient mutant max3.,,
SMXL6,GENE,BRC1,GENE,,,,,,,,,,"In summary, these data indicate that D53-like SMXLs function as critical components of SL signaling through recruitment of TPR2 and transcriptional inhibition of key genes including BRC1.",,
BRC1,GENE,Shoot_Branching,PHENOTYPE,,,,,,,,,,"BRC1 has been suggested to negatively regulate the development of rosette and cauline branches in Arabidopsis (Aguilar-Martínez et al., 2007; Chen et al., 2013).",,
MAX2,GENE,SMXL6,GENE,,,,,,,,,,"Exogenous application of the SL analog rac-GR24 causes ubiquitination and degradation of SMXL6, 7, and 8; this requires D14 and MAX2.",,
BRC1,GENE,Shoot_Branching,PHENOTYPE,,,,,,,,,,"BRC1, a key repressor of branching, thus promoting branching.",,
FHY3,GENE,BRC1,GENE,,,,,,,,,,"FHY3 and FAR1, two homologous transcription factors essential for phytochrome A-mediated light signaling, and SMXL6/SMXL7/SMXL8, three key repressors of the strigolactone (SL) signaling pathway, directly interact with SPL9 and SPL15 and suppress their transcriptional activation of BRC1, a key repressor of branching, thus promoting branching.",,
FHY3,GENE,SMXL6,GENE,,,,,,,,,,"In addition, FHY3 and FAR1 also directly up-regulate the expression of SMXL6 and SMXL7 to promote branching.",,
SPL9,GENE,BRC1,GENE,,,,,,,,,,SPL9 and SPL15 bind to the BRC1 promoter and inhibit shoot branching by upregulating BRC1 expression.,,
SMXL6,GENE,SPL9,GENE,,,,,,,,,,"SMXL6/7/8, three key repressors of the strigolactone (SL) signaling pathway, directly interact with SPL9 and SPL15 and suppress their transcriptional activation of BRC1, a key repressor of branching, thus promoting branching.",,
FHY3,GENE,Shoot_Branching,PHENOTYPE,,,,,,,,,,"Previous studies reported that fhy3 loss-of-function has reduced lateral branching28, indicating that FHY3 is a positive regulator of branching.",,
Strigolactones,HORMONE,Shoot_Branching,PHENOTYPE,,,,,,,,,,Strigolactones (SLs) are carotenoid-derived plant hormones that control shoot branching and communications between host plants and symbiotic fungi or root parasitic plants.,,
AtCXE15,GENE,Strigolactones,HORMONE,,,,,,,,,,"Here, we report that the Arabidopsis carboxylesterase 15 (AtCXE15) and its orthologues function as efficient hydrolases of SLs.",,
AtCXE15,GENE,Shoot_Branching,PHENOTYPE,,,,,,,,,,We show that overexpression of AtCXE15 promotes shoot branching by dampening SL-inhibited axillary bud outgrowth.,,
BRC1,GENE,Bud_Outgrowth,PHENOTYPE,,,,,,,,,,"leading to expression of downstream transcription factor genes, such as BRANCHED1(BRC1) (refs. 20–23), to inhibit axillary bud outgrowth and thus shoot branching.",,
Strigolactones,HORMONE,BRC1,GENE,,,,,,,,,,"leading to expression of downstream transcription factor genes, such as BRANCHED1(BRC1) (refs. 20–23), to inhibit axillary bud outgrowth and thus shoot branching.",,
AtCXE15,GENE,BRC1,GENE,,,,,,,,,,"As expected, similar to those observed in the SL biosynthetic mutant atmax4-1 and signalling mutant atmax2-1, the transcript level of AtMAX3 was significantly upregulated whereas the AtBRC1 was remarkably downregulated in the axillary buds of AtCXE15-OE plants (Fig. 2a).",,
Strigolactone,HORMONE,Shoot_Branching,PHENOTYPE,,,,,,,,,,Strigolactones (SL) are plant hormones that play a vital role in the control of plant branching,,
D14,GENE,Shoot_Branching,PHENOTYPE,,,,,,,,,,"MAX2/D3, Arabidopsis MAX2 and DWARF14 (AtD14) in Arabidopsis, their orthologues in rice (D3 and OsD14) and other species, are essential signalling components to regulate the SL-repressed plant branching.",,
MAX2,GENE,Shoot_Branching,PHENOTYPE,,,,,,,,,,"MAX2/D3, Arabidopsis MAX2 and DWARF14 (AtD14) in Arabidopsis, their orthologues in rice (D3 and OsD14) and other species, are essential signalling components to regulate the SL-repressed plant branching.",,
D14,GENE,MAX2,GENE,,,,,,,,,,"MAX2/D3 encodes an F-box protein, which interacts with D14 in a SL-dependent manner",,
D14,GENE,MAX2,GENE,,,,,,,,,,"AtD14 undergoes an open-to-closed state transition to trigger strigolactone signalling, and demonstrate that strigolactone is hydrolysed into a covalently linked intermediate molecule (CLIM) to initiate a conformational change of AtD14 to facilitate interaction with D3.",,
MAX2,GENE,SMXL6,GENE,,,,,,,,,,"MAX2/D3 encodes an F-box protein, which interacts with D14 in a SL-dependent manner and recruits various repressors (such as rice D53 and Arabidopsis SMXL6/7/8) for 26S proteasome-mediated degradation",,
source_type,GENE,target_type,GENE,,,,,,,,,,"The D14–D3/MAX2 complex, D14–D53/SMXLs complex, D3/MAX2 protein, particularly, D14 protein, have been previously proposed to be involved in SL perception.",,
Strigolactones,HORMONE,Shoot_Branching,PHENOTYPE,,,,,,,,,,"Recent studies with branching mutants in several plant species have demonstrated that SLs, a specific group of terpenoid lactones, are the long-sought branching-repressing hormones, whose function are highly conserved in both monocots and dicots5,6.",,
D53,GENE,Shoot_Branching,PHENOTYPE,,,,,,,,,,"Our combined genetic and biochemical data reveal that D53 acts as a repressor of the SL signalling pathway, whose hormone-induced degradation represents a key molecular link between SL perception and responses.",,
Strigolactones,HORMONE,D53,GENE,,,,,,,,,,Here we show that DWARF 53 (D53) acts as a repressor of SL signalling and that SLs induce its degradation.,,
D14,GENE,D53,GENE,,,,,,,,,,"We demonstrate that, in a D14- and D3-dependent manner, SLs induce D53 degradation by the proteasome and abrogate its activity in promoting axillary bud outgrowth.",,
D3,GENE,D53,GENE,,,,,,,,,,"We demonstrate that, in a D14- and D3-dependent manner, SLs induce D53 degradation by the proteasome and abrogate its activity in promoting axillary bud outgrowth.",,
FC1,GENE,Bud_Outgrowth,PHENOTYPE,,,,,,,,,,"In addition, expression of an inhibitor of axillary bud outgrowth, FINE CULM 1 (FC1)32, which is orthologous to the maize TEOSINTE BRANCHED1 (TB1)33 and the Arabidopsis BRANCHED 1 (BRC1)34, was also similarly downregulated in the d53, d14 and d27 mutants",,
MAX1,GENE,Shoot_Branching,PHENOTYPE,,,,,,,,,,"Among these, auxin, moving down the plant in the main stem, in- directly inhibits axillary bud outgrowth, and an as yet un- defined hormone, the synthesis of which in Arabidopsis requires MAX1, MAX3, and MAX4, moves up the plant and also inhibits shoot branching.",,
MAX3,GENE,Shoot_Branching,PHENOTYPE,,,,,,,,,,"Among these, auxin, moving down the plant in the main stem, in- directly inhibits axillary bud outgrowth, and an as yet un- defined hormone, the synthesis of which in Arabidopsis requires MAX1, MAX3, and MAX4, moves up the plant and also inhibits shoot branching.",,
 poziro,GENE,Shoot_Branching,GENE,,,,,,,,,,"Among these, auxin the synthesis of which in Arabidopsis requires MAX1, MAX3, and MAX4, moves up the plant and also inhibits shoot branching.",,
Auxin,HORMONE,Bud_Outgrowth,PHENOTYPE,,,,,,,,,,"Among these, auxin, moving down the plant in the main stem, in- directly inhibits axillary bud outgrowth",,
MAX_Pathway,GENE,PIN1,GENE,,,,,,,,,,We have shown that the MAX pathway of Arabidopsis regulates auxin transport capacity in the stem by regulating abundance of PIN auxin efflux facilitator proteins.,,
PIN1,GENE,Auxin_Transport,PROCESS,,,,,,,,,,"This correlates with increased PIN1 accumulation and increased expression of the PIN1 gene, as well as several other PINs.",,
Auxin_Transport,PROCESS,Shoot_Branching,PHENOTYPE,,,,,,,,,,Our results demonstrate that the shoot-branching phenotype of the max mutants is caused by increased auxin transport,,
Strigolactone,HORMONE,Shoot_Branching,PHENOTYPE,,,,,,,,,,leading to the hypothesis that SLs function as negative regulators of shoot branching.,,
BRC1,GENE,Shoot_Branching,PHENOTYPE,,,,,,,,,,"In this context the BRANCHED1 (BRC1) TCP-domain transcription factor has been implicated as a transcriptional target of SL, since brc1-2 mutants have increased SL-resistant shoot branching (Aguilar-Martinez et al., 2007), and SL can upregulate BRC1 expression in pea (Braun et al., 2012).",,
PIN1,GENE,Shoot_Branching,PHENOTYPE,,,,,,,,,,"The d14-1 pin1-613, max1-1 pin1-613, max2-1 pin1-613 and max3-9 pin1-613 double mutants all have dramatically reduced shoot branching (Fig. 7C)",,
SMXL6,GENE,Shoot_Branching,PHENOTYPE,,,,,,,,,,"In terms of shoot branching, 35S:SMXL6Δpl-YFP confers similar phenotypes to those seen in d14-1 and max2-1, if somewhat less extreme (ANOVA, Tukey HSD test, n=10-12, P<0.05) (Fig. 5C,E)",,
D14,GENE,Shoot_Branching,PHENOTYPE,,,,,,,,,,We conclude that D14-dependent signalling is fully responsible for SL effects on shoot branching.,,
MAX2,GENE,Shoot_Branching,PHENOTYPE,,,,,,,,,,"We show that all the assessed effects of SL in Arabidopsis shoots are mediated through MAX2 and D14, and not the D14 homologues KAI2 or DLK2.",,
Auxin,HORMONE,Cytokinin,HORMONE,,,,,,,,,,"Auxin reduces the supply of the stimulatory hormone cytokinin (CK) to axillary buds through suppressing CK content in stems and this concept is widespread and observed across diverse plants (Nordström et al., 2004; Tanaka et al., 2006; Liu et al., 2011b; Su et al., 2011).",,
Cytokinin,HORMONE,Bud_Outgrowth,PHENOTYPE,,,,,,,,,,Application of CK directly on axillary buds triggers their outgrowth,,
Strigolactone,HORMONE,Bud_Outgrowth,PHENOTYPE,,,,,,,,,,"while application of SL represses their outgrowth (Gomez-Roldan et al., 2008; Brewer et al., 2009; Dun et al., 2012; Tan et al., 2019).",,
Sucrose,METABOLITE,Cytokinin,HORMONE,,,,,,,,,,"In experiments examining bud growth in vitro, sucrose treatment increased CK levels in nodal stems of rose (Rosa hybrida) and dark-grown stems of potato (Solanum tuberosum) and promoted bud outgrowth (Barbier et al., 2015; Salam et al., 2021).",,
Strigolactone,HORMONE,Cytokinin,HORMONE,,,,,,,,,,"GR24 treatment on rms5 buds not only significantly increased CK catabolism by promoting the gene expression of CKXs (CKX3, CKX5, and CKX7), but also strongly inhibited CK biosynthesis by inhibiting the expression of the two IPT genes and five of the LOG genes (Figure 4C).",,
Auxin,HORMONE,Gibberellin,HORMONE,,,,,,,,,,This indicates that auxin in buds may induce GA biosynthesis thus prompting sustained bud growth.,,
Gibberellin,HORMONE,Bud_Outgrowth,PHENOTYPE,,,,,,,,,,"Consistent with a role of GA in sustained bud growth, GA promoted growth of axillary buds released by decapitation or CK at 3 and 5 days after treatment, respectively (Figure 5, A and B).",,
BRC1,GENE,Bud_Outgrowth,PHENOTYPE,,,,,,,,,,"Expression of BRC1 is correlated with bud inhibition (Braun et al., 2012; Dun et al., 2012, 2013; Seale et al., 2017; Kerr et al., 2020)",,
MAX1,GENE,Shoot_Branching,PHENOTYPE,,,,,,,,,,"Arabidopsis (Arabidopsis thaliana) MORE AXILLARY GROWTH (MAX) mutants show increased branching and reduced stature relative to wild-type plants, and analogous phenotypes have been identi’ed in pea (Pisum sativum; RAMOSUS [RMS]), petunia (Petunia hybrida; DECREASED APICAL DOMINANCE [DAD]), and rice (Oryza sativa; DWARF [D] or HIGH TILLERING DWARF) mutants.",,
MAX2,GENE,Shoot_Branching,PHENOTYPE,,,,,,,,,,"The excessive-branching phenotypes associated with mutations in all of these genes can be rescued by exogenous application of SL, while mutants in the two remaining genes in the pathway are SL insensitive.",,
MAX3,GENE,Shoot_Branching,PHENOTYPE,,,,,,,,,,"Arabidopsis (Arabidopsis thaliana) MORE AXILLARY GROWTH (MAX) mutants show increased branching and reduced stature relative to wild-type plants, and analogous phenotypes have been identi’ed in pea (Pisum sativum; RAMOSUS [RMS]), petunia (Petunia hybrida; DECREASED APICAL DOMINANCE [DAD]), and rice (Oryza sativa; DWARF [D] or HIGH TILLERING DWARF) mutants.",,
MAX4,GENE,Shoot_Branching,PHENOTYPE,,,,,,,,,,"Arabidopsis (Arabidopsis thaliana) MORE AXILLARY GROWTH (MAX) mutants show increased branching and reduced stature relative to wild-type plants, and analogous phenotypes have been identi’ed in pea (Pisum sativum; RAMOSUSUS [RMS]), petunia (Petunia hybrida; DECREASED APICAL DOMINANCE [DAD]), and rice (Oryza sativa; DWARF [D] or HIGH TILLERING DWARF) mutants.",,
Strigolactones,HORMONE,Shoot_Branching,PHENOTYPE,,,,,,,,,,"The excessive-branching phenotypes associated with mutations in all of these genes can be rescued by exogenous application of SL, while mutants in the two remaining genes in the pathway are SL insensitive.",,
Strigolactones,HORMONE,Shoot_Branching,PHENOTYPE,,,,,,,,,,SLs have since been shown to affect shoot branching and many other traits2–4.,,
RMS3,GENE,Shoot_Branching,PHENOTYPE,,,,,,,,,,confirming that the wild-type RMS3 gene is involved in SL signaling13.,,
MAX2,GENE,Shoot_Branching,PHENOTYPE,,,,,,,,,,MAX2 is likely the substrate recognition subunit of a complex involved in proteasome-mediated proteolysis.,,
D14,GENE,Shoot_Branching,PHENOTYPE,,,,,,,,,,"SL receptors (rice D14, Arabidopsis thaliana (At)D14, and petunia DECREASED APICAL DOMINANCE (DAD2) (Petunia hybrida)) belong to the α/β-fold hydrolase superfamily",,
GR24,METABOLITE,Shoot_Branching,PHENOTYPE,,,,,,,,,,"Whereas the synthetic SL (±)-GR24 inhibited branching in the SL-deficient rms1-10 biosynthetic mutant (Psccd8), (±)-GR24 treatment did not inhibit branching in the five rms3 lines (Supplementary Fig. 1e),",,
GC242,METABOLITE,Shoot_Branching,PHENOTYPE,,,,,,,,,,"In Arabidopsis, 1 µM (±)-GC242 repressed shoot branching of the SL-deficient mutant max4-1 as well as (±)-GR24 (Fig. 2d).",,
PhCCD7,GENE,Shoot_Branching,PHENOTYPE,,,,,,,,,,The results presented here indicate that mutation of either CCD7 or CCD8 in petunia results in both the loss of an inhibitor of branching and an increase in a promoter of branching.,,
PhCCD8,GENE,Shoot_Branching,PHENOTYPE,,,,,,,,,,The results presented here indicate that mutation of either CCD7 or CCD8 in petunia results in both the loss of an inhibitor of branching and an increase in a promoter of branching.,,
Strigolactones,HORMONE,Shoot_Branching,PHENOTYPE,,,,,,,,,,"Strigolactones have recently been identified as signaling molecules that inhibit axillary branch outgrowth in plants (Gomez-Roldan et al., 2008; Umehara et al., 2008).",,
Auxin,HORMONE,PhCCD7,GENE,,,,,,,,,,"The expression of CCD7 and CCD8 has been shown to be up-regulated in the stem when the scion of the plant has increased branching (Johnson et al., 2006; Simons et al., 2007; Hayward et al., 2009; this work) and in response to auxin in pea, Arabidopsis, and rice (Johnson et al., 2006; Zou et al., 2006; Arite et al., 2007; Hayward et al., 2009).",,
Auxin,HORMONE,PhCCD8,GENE,,,,,,,,,,"The expression of CCD7 and CCD8 has been shown to be up-regulated in the stem when the scion of the plant has increased branching (Johnson et al., 2006; Simons et al., 2007; Hayward et al., 2009; this work) and in response to auxin in pea, Arabidopsis, and rice (Johnson et al., 2006; Zou et al., 2006; Arite et अल, 2007; Hayward et al., 2009).",,
Strigolactone,HORMONE,OsCKX9,GENE,,,,,,,,,,"We found that OsCKX9, a CK catabolism gene, was significantly induced by rac-GR24 within 1 h (Fig. 1A and SI Appendix, Fig. S1), indicating that OsCKX9 might be a primary SL-responsive gene.",,
OsCKX9,GENE,Cytokinin,HORMONE,,,,,,,,,,OsCKX9 encodes a nuclear/cytosolic dual-localized CK catabolic enzyme.,,
Cytokinin,HORMONE,OsRR5,GENE,,,,,,,,,,"We first examined the expression levels of these five type-A OsRRs in the shoot bases of rice seedlings treated with 6-BA and found that OsRR1, OsRR2, OsRR5, and OsRR6 were strongly induced by CK (SI Appendix, Fig. S6), but transcripts for OsRR3 were undetectable.",,
Strigolactone,HORMONE,OsRR5,GENE,,,,,,,,,,"Moreover, we identified the CK-inducible rice type-A response regulator OsRR5 as the secondary SL-responsive gene, whose expression is significantly repressed after 4 h of GR24 treatment in the wild type but not in osckx9.",,
D53,GENE,OsCKX9,GENE,,,,,,,,,,"In response to rac-GR24, D53, the repressor of the SL signaling pathway, is degraded in minutes, leading to rapid transcriptional activation of the CK catabolism gene OsCKX9 within 1 h",,
OsCKX9,GENE,Tillering,PHENOTYPE,,,,,,,,,,Both the CRISPR/Cas9-generated OsCKX9 mutants and OsCKX9-overexpressing transgenic plants showed significant increases in tiller number,,
Tre6P,METABOLITE,Shoot_Branching,PHENOTYPE,,,,,,,,,,"The resulting plants initiated rosette branches more slowly than wild-type plants and ended up with fewer branches, indicating that shoot branching is dependent on Tre6P in the buds",,
BRC1,GENE,Shoot_Branching,PHENOTYPE,,,,,,,,,,"Auxin is produced at the shoot tip and transported towards the roots. For many decades, this polar auxin stream was thought to be a key factor in suppressing axillary bud outgrowth, acting via strigolactones and antagonized by cytokinins, which regulate expression of the BRANCHED1 (BRC1) branching repressor",,
Tre6P,METABOLITE,target_type,PROTEIN_COMPLEX,,,,,,,,,,"In contrast, connections between Tre6P and SnRK1 have been more extensively studied. This topic has been recently re-viewed (9), so here we highlight only some key points. Several of the Arabidopsis class II TPS proteins are potential targets for phosphorylation by SnRK1 (43, 48) (Figure 1), but the impact of this on Tre6P metabolism and function in vivo, if any, is not yet understood. Suppression of SnRK1 in developing pea (Pisum sativum) seeds led to developmental stage–dependent changes in expression of the class I TPS gene (PsTPS1), down-regulation of class II TPS genes (PsTPS5 and PsTPS9), and increased levels of sucrose and Tre6P in the seeds (85). More is known about Tre6P-SnRK1 interactions in the opposite sense, i.e., the impact of Tre6P on SnRK1. It was shown that Tre6P can inhibit SnRK1 in developing Ara- bidopsis tissues, with inhibition being dependent on a heat-labile factor that is present in young, but not older, leaves (118).",,
FT,GENE,Shoot_Branching,PHENOTYPE,,,,,,,,,,"The enhanced branching phenotypes in plants with TPS overexpression in the vasculature were shown to be dependent on FT, which can move to axillary buds, as well as the SAM, to control the floral transition in the axillary bud meristem and growth of the bud into a new shoot",,
 ,METABOLITE,Shoot_Branching,GENE,,,,,,,,,,"Axillary bud outgrowth is also triggered by the exogenous supply of su- crose in pea, Arabidopsis, and rose (Rosa hybrida) stem explants (11, 13, 37, 70)",,
Tre6P,METABOLITE,FT,GENE,,,,,,,,,,Tre6P promotes flowering by regulating expression of FT in phloem companion cells in the leaf vasculature and via interaction with components of the age-dependent pathway in the shoot apical meristem.,,
BRC1,GENE,HB21,GENE,,,,,,,,,,"BRANCHED1 (BRC1) binds to and positively regulates the transcription of three related Homeodomain leucine zipper protein (HD-ZIP)-encoding genes: HOMEOBOX PROTEIN 21 (HB21), HOMEOBOX PROTEIN 40 (HB40), and HOMEOBOX PROTEIN 53 (HB53).",,
BRC1,GENE,HB40,GENE,,,,,,,,,,"BRANCHED1 (BRC1) binds to and positively regulates the transcription of three related Homeodomain leucine zipper protein (HD-ZIP)-encoding genes: HOMEOBOX PROTEIN 21 (HB21), HOMEOBOX PROTEIN 40 (HB40), and HOMEOBOX PROTEIN 53 (HB53).",,
BRC1,GENE,HB53,GENE,,,,,,,,,,"BRANCHED1 (BRC1) binds to and positively regulates the transcription of three related Homeodomain leucine zipper protein (HD-ZIP)-encoding genes: HOMEOBOX PROTEIN 21 (HB21), HOMEOBOX PROTEIN 40 (HB40), and HOMEOBOX PROTEIN 53 (HB53).",,
BRC1,GENE,NCED3,GENE,,,,,,,,,,"Induction of BRC1, HB21, HB40, or HB53 caused a 31-, 48-, nine-, and 31-fold increase, respectively, in NCED3 mRNA levels.",,
HB21,GENE,NCED3,GENE,,,,,,,,,,"Induction of BRC1, HB21, HB40, or HB53 caused a 31-, 48-, nine-, and 31-fold increase, respectively, in NCED3 mRNA levels.",,
HB40,GENE,NCED3,GENE,,,,,,,,,,"Induction of BRC1, HB21, HB40, or HB53 caused a 31-, 48-, nine-, and 31-fold increase, respectively, in NCED3 mRNA levels.",,
BRC1,GENE,Bud_Dormancy,PHENOTYPE,,,,,,,,,,"In Arabidopsis thaliana, the class II TEOSINTE BRANCHED1, CYCLOIDEA, PCF (TCP) gene BRANCHED1 (BRC1) functions inside axillary buds (1) to prevent constitutive branch outgrowth, and it mediates bud dormancy induced by FR-rich light or apical dominance.",,
Abscisic_Acid,HORMONE,Bud_Outgrowth,PHENOTYPE,,,,,,,,,,"Indeed, ABA accumulation is required for bud growth suppression in wild-type plants: plants bearing mutations in genes involved in ABA synthesis [9-CIS-EPOXYCAROTENOID DIOXYGENASE3 (NCED3) and ABA DEFICIENT2 (ABA2)] display enhanced bud outgrowth (4, 6).",,
PHYB,GENE,SbTB1,GENE,,,,,,,,,,"We hypothesize that active phyB (Pfr) suppresses the expression of the SbTB1 gene, thereby inducing bud outgrowth, whereas environmental conditions that inactivate phyB allow increased expression of SbTB1, thereby suppressing bud outgrowth.",,
SbTB1,GENE,Bud_Outgrowth,PHENOTYPE,,,,,,,,,,"The TB1 gene encodes a putative basic helix-loop-helix transcription factor that is involved in suppressing bud outgrowth (Doebley et al., 1997; Hubbard et al., 2002).",,
PHYB,GENE,Bud_Outgrowth,PHENOTYPE,,,,,,,,,,"We hypothesize that active phyB (Pfr) suppresses the expression of the SbTB1 gene, thereby inducing bud outgrowth",,
Far_Red_Light,ENVIRONMENT,Bud_Outgrowth,PHENOTYPE,,,,,,,,,,"Supplemental FR light treatment of wild-type seedlings, started at 7 DAP, inhibited the outgrowth of buds in the first leaf axil of all treated seedlings.",,
Far_Red_Light,ENVIRONMENT,SbTB1,GENE,,,,,,,,,,The mRNA abundance of SbTB1 was 2.8-fold higher in the FR-treated seedlings compared to the control at 9 DAP (Fig. 11B).,,
Auxin,HORMONE,SbDRM1,GENE,,,,,,,,,,"Since auxin represses PsDRM1 in pea (Stafstrom, 2000), the suppression of SbDRM1 mRNA accumulation by light suggests that similar dormancy mechanisms are induced by both auxin and light.",,
S1-bZIPs,GENE,Apical_Growth_Dominance,PHENOTYPE,,,,,,,,,,"Making use of locally inducible gain-­of-­function as well as single and higher-­order loss-­of-­function approaches of the sugar-­responsive S1-­basic-­leucine-­zipper (S1-­bZIP) transcription factors, we disclosed their largely redundant function in establishing apical growth dominance.",,
S1-bZIPs,GENE,Shoot_Branching,PHENOTYPE,,,,,,,,,,"In contrast to wild-­type (WT) plants, which showed a marked dominance of apical shoot and root growth, we observed a clear promotion of lateral organ growth at the expense of apical organs in higher-­order mutants of S1-­bZIPs, suggesting their importance for establishing apical dominance.",,
S1-bZIPs,GENE,SWEET15,GENE,,,,,,,,,,"Applying protoplast transactivation assays (PTAs), we validated the transactivation properties of S1-­bZIPs on the highly responsive SWEET15 promoter (Fig. 4H) and pinpointed two cognate bZIP cis-­elements (Gbox-­related elements, GREs) as critical for promoter transactivation (Fig. 4I).",,
S1-bZIPs,GENE,GAT1_2.1,GENE,,,,,,,,,,"Making use of PTAs (Fig. 4 L and M), transcript analysis by qRT-­PCR (Fig. 4 J and K), ATACseq (37), and DAPseq (36) datasets (SI Appendix, Fig. S4 A–H) identified the recently described glutaminase GAT1_2.1 (14) as a direct target of S1-­bZIPs.",,
GAT1_2.1,GENE,Shoot_Branching,PHENOTYPE,,,,,,,,,,"In line with previous reports (14, 15), we also observed a substantial increase in shoot branching of the gat1_2.1 mutant (Fig. 5 C and D).",,
SWEET15,GENE,Shoot_Branching,PHENOTYPE,,,,,,,,,,"While we observed no increase in shoot branching between WT plants and an unrelated (clade II) sweet8 mutant (SI Appendix, Fig. S5A), mutants in clade III sweets such as sweet15 (Fig. 5 A and B), sweet10 and sweet13 (SI Appendix, Fig. S5 B and C) showed moderate branching phenotypes, while sweet14 mutations had only a very mild effect (SI Appendix, Fig. S5C).",,
CLAMT,GENE,Shoot_Branching,PHENOTYPE,,,,,,,,,,"Taken together, our results demonstrate a signiﬁcant role of CLAMT in the shoot branching inhibition pathway in Arabidopsis.",,
MeCLA,METABOLITE,Shoot_Branching,PHENOTYPE,,,,,,,,,,"These results suggest that MeCLA is a biologically active hormone in the shoot branching inhibition pathway in Arabidopsis, and that the methylation of CLA is a critical step to convert a biologically inactive precursor to an active hormone molecule.",,
CLAMT,GENE,MeCLA,METABOLITE,,,,,,,,,,"we found that the cell lysate expressing At4g36470 efﬁciently catalyzed CLA methylation using SAM as a methyl donor (Fig. 2 and SI Appendix, Fig. S2).",,
MAX1,GENE,CLA,METABOLITE,,,,,,,,,,"A cytochrome P450, MORE AXILLARY GROWTH1 (MAX1), in Arabidopsis catalyzes a three-step oxidation of the C-19 of CL to yield a carboxylated analog, carlactonoic acid (CLA) (10) (Fig. 1),",,
LBO,GENE,MeCLA,METABOLITE,,,,,,,,,,LBO also catalyzed demethylation of MeCLA to produce CLA (14) (Fig. 1).,,
MeCLA,METABOLITE,AtD14,PROTEIN_COMPLEX,,,,,,,,,,"neither CL nor CLA could physically interact with Arabidopsis DWARF14 (AtD14), in vitro, while MeCLA could, suggesting that the methylation step of CLA is critical to convert a biologically inactive precursor to a bioactive compound in the shoot branching inhibition pathway.",,
DAD1,GENE,Shoot_Branching,PHENOTYPE,,,,,,,,,,Three independent DAD loci controlling branching in petunia have been identified and mutations in any of these loci result in plants with an increase in basal axillary branches and a decrease in height,,
DAD2,GENE,Shoot_Branching,PHENOTYPE,,,,,,,,,,Three independent DAD loci controlling branching in petunia have been identified and mutations in any of these loci result in plants with an increase in basal axillary branches and a decrease in height,,
DAD3,GENE,Shoot_branching,PHENOTYPE,,,,,,,,,,Three independent DAD loci controlling branching in petunia have been identified and mutations in any of these loci result in plants with an increase in basal axillary branches and a decrease in height,,
DAD1,GENE,DAD2,GENE,,,,,,,,,,"This result, together with the observation that the dad1-1 and dad3 mutants cannot be reverted by grafting to each other, suggests that the DAD1 and DAD3 genes act in the same pathway, but not in a simple stepwise fashion.",,
DAD3,GENE,DAD2,GENE,,,,,,,,,,Double-mutant analysis indicates that the DAD2 gene acts in the same pathway as the DAD1 and DAD3 genes because the dad1-1dad2-1 and dad2-1dad3 double mutants are indistinguishable from the dad2-1 mutant.,,
Strigolactones,HORMONE,Shoot_Branching,PHENOTYPE,,,,,,,,,,"The most widely characterized role of SL in plant development is in the inhibition of shoot branching (Dun et al., 2009a; Domagalska and Leyser, 2011).",,
Auxin,HORMONE,D27,GENE,,,,,,,,,,"D27 expression showed similar trends to that of MAX3 and MAX4 across these treatments, although, as above, the magnitude of the response was less (Fig. 6C).",,
BRC1,GENE,Shoot_Branching,PHENOTYPE,,,,,,,,,,"The TCP transcription factor FC1/PsBRC1 acts as a negative regulator of shoot branching and as an integrator of multiple pathways (Aguilar-Martinez et al., 2007; see below).",,
Auxin,HORMONE,Shoot_Branching,PHENOTYPE,,,,,,,,,,In the classical Thimann and Skoog (1933) experiment it was demonstrated that auxin applied on the decapitated stump of Vicia faba was able to inhibit this outgrowth and auxin was the first hormone suggested to play a key role in the apical dominance process.,,
Cytokinins,HORMONE,Shoot_Branching,PHENOTYPE,,,,,,,,,,"A role for CKs in bud outgrowth emerged decades ago when direct CK applications onto dormant buds promoted bud outgrowth (Wickson and Thimann, 1958; Sachs and Thimann, 1967).",,
miR156,REGULATORY_RNA,Shoot_Branching,PHENOTYPE,,,,,,,,,,"Overexpression of miR156b brought about a marked bushy phenotype with increased numbers of rosette leaves in Arabidopsis (Schwab et al., 2005; Wei et al., 2012).",,
Sucrose,METABOLITE,Shoot_Branching,PHENOTYPE,,,,,,,,,,artificially increased sucrose levels promoted bud outgrowth in non-decapitated plants.,,
